rk,player,nation,pos,squad,age,born_year,mp,starts,min,nineties,gls,ast,g_a,g_minus_pk,pk,pkatt,crdy,crdr,gls_per90,ast_per90,g_a_per90,g_minus_pk_per90,g_a_minus_pk_per90,g_minus_pk_per90_calc,pk_per90,pkatt_per90,crdy_per90,crdr_per90
1,Paxten Aaronson,us USA,MF,Colorado Rapids,22.0,2003.0,19,17,1526,17.0,4,5,9,4,0,0,1,0,0.24,0.29,0.53,0.24,0.53,0.24,0.0,0.0,0.06,0.0
2,Liel Abada,il ISR,MFFW,Charlotte,24.0,2001.0,13,8,640,7.1,2,3,5,1,1,1,2,0,0.28,0.42,0.7,0.14,0.56,0.14,0.14,0.14,0.28,0.0
3,Ezequiel Abadia-Reda,us USA,DF,Inter Miami,20.0,2006.0,3,0,39,0.4,0,0,0,0,0,0,0,0,0.0,0.0,0.0,0.0,0.0,0.0,0.0,0.0,0.0,0.0
4,Wessam Abou Ali,ps PLE,FW,Columbus Crew,27.0,1999.0,7,7,565,6.3,5,1,6,5,0,1,1,0,0.8,0.16,0.96,0.8,0.96,0.8,0.0,0.16,0.16,0.0
5,Lalas Abubakar,gh GHA,DF,FC Dallas,31.0,1994.0,2,2,143,1.6,1,0,1,1,0,0,1,0,0.63,0.0,0.63,0.63,0.63,0.63,0.0,0.0,0.63,0.0
6,Elias Achouri,tn TUN,FWMF,San Diego FC,27.0,1999.0,1,0,38,0.4,0,0,0,0,0,0,0,0,0.0,0.0,0.0,0.0,0.0,0.0,0.0,0.0,0.0,0.0
7,Bryan Acosta,hn HON,MF,Nashville SC,32.0,1993.0,11,7,600,6.7,2,1,3,2,0,0,2,0,0.3,0.15,0.45,0.3,0.45,0.3,0.0,0.0,0.3,0.0
8,Chase Adams,us USA,FW,Columbus Crew,18.0,2008.0,4,1,60,0.7,1,0,1,1,0,0,0,0,1.5,0.0,1.5,1.5,1.5,1.5,0.0,0.0,0.0,0.0
9,Sam Adekugbe,ca CAN,DFMF,Vancouver,31.0,1995.0,1,0,1,0.0,0,0,0,0,0,0,0,0,0.0,0.0,0.0,0.0,0.0,0.0,0.0,0.0,0.0,0.0
10,Nonso Adimabua,ng NGA,FW,SJ Earthquakes,25.0,2000.0,2,1,46,0.5,0,1,1,0,0,0,0,0,0.0,1.96,1.96,0.0,1.96,0.0,0.0,0.0,0.0,0.0
11,Stephen Afrifa,ca CAN,MF,Sporting KC,25.0,2001.0,15,1,326,3.6,1,1,2,1,0,0,0,0,0.28,0.28,0.55,0.28,0.55,0.28,0.0,0.0,0.0,0.0
12,Kwaku Agyabeng,gh GHA,MFDF,Sporting KC,20.0,2006.0,12,4,459,5.1,0,0,0,0,0,0,0,1,0.0,0.0,0.0,0.0,0.0,0.0,0.0,0.0,0.0,0.2
13,Morrison Agyemang,gh GHA,DF,Charlotte,21.0,2004.0,17,16,1485,16.5,2,0,2,2,0,0,2,0,0.12,0.0,0.12,0.12,0.12,0.12,0.0,0.0,0.12,0.0
14,Jorge Alastuey,es ESP,MF,Austin FC,23.0,2003.0,2,1,97,1.1,0,0,0,0,0,0,0,0,0.0,0.0,0.0,0.0,0.0,0.0,0.0,0.0,0.0,0.0
15,Noah Allen,gr GRE,DFMF,Inter Miami,22.0,2004.0,16,11,902,10.0,1,1,2,1,0,0,2,0,0.1,0.1,0.2,0.1,0.2,0.1,0.0,0.0,0.2,0.0
16,Tadeo Allende,ar ARG,MFFW,Inter Miami,27.0,1999.0,9,4,434,4.8,0,0,0,0,0,0,3,0,0.0,0.0,0.0,0.0,0.0,0.0,0.0,0.0,0.62,0.0
17,Miguel Almirón,py PAR,MFFW,Atlanta Utd,32.0,1994.0,13,12,1096,12.2,3,3,6,3,0,0,0,0,0.25,0.25,0.49,0.25,0.49,0.25,0.0,0.0,0.0,0.0
18,Rodolfo Aloko,bj BEN,MF,Charlotte,19.0,2006.0,9,3,309,3.4,0,1,1,0,0,0,0,0,0.0,0.29,0.29,0.0,0.29,0.0,0.0,0.0,0.0,0.0
19,Júnior Alonso,py PAR,DF,Atlanta Utd,33.0,1993.0,4,4,359,4.0,0,0,0,0,0,0,0,0,0.0,0.0,0.0,0.0,0.0,0.0,0.0,0.0,0.0,0.0
20,Alejandro Alvarado Jr.,us USA,MF,San Diego FC,23.0,2003.0,10,3,279,3.1,1,0,1,1,0,0,1,0,0.32,0.0,0.32,0.32,0.32,0.32,0.0,0.0,0.32,0.0
21,Steven Alzate,co COL,MF,Atlanta Utd,27.0,1998.0,8,4,408,4.5,0,0,0,0,0,0,1,0,0.0,0.0,0.0,0.0,0.0,0.0,0.0,0.0,0.22,0.0
22,Pedro Amador,pt POR,DF,Atlanta Utd,27.0,1998.0,7,2,243,2.7,0,0,0,0,0,0,0,0,0.0,0.0,0.0,0.0,0.0,0.0,0.0,0.0,0.0,0.0
23,Frankie Amaya,us USA,MF,CF Montréal,25.0,2000.0,1,0,3,0.0,0,0,0,0,0,0,0,0,0.0,0.0,0.0,0.0,0.0,0.0,0.0,0.0,0.0,0.0
24,Malte Amundsen,dk DEN,DF,Columbus Crew,28.0,1998.0,14,13,1084,12.0,0,0,0,0,0,0,2,0,0.0,0.0,0.0,0.0,0.0,0.0,0.0,0.0,0.17,0.0
25,Felipe Andrade,br BRA,DF,Houston,24.0,2002.0,15,15,1328,14.8,1,0,1,1,0,0,7,0,0.07,0.0,0.07,0.07,0.07,0.07,0.0,0.0,0.47,0.0
26,Augustin Anello,it ITA,MFFW,Philadelphia,24.0,2002.0,11,3,394,4.4,1,1,2,1,0,0,1,0,0.23,0.23,0.46,0.23,0.46,0.23,0.0,0.0,0.23,0.0
27,Iván Angulo,co COL,MFDF,Orlando City,27.0,1999.0,19,18,1635,18.2,1,4,5,1,0,0,3,0,0.06,0.22,0.28,0.06,0.28,0.06,0.0,0.0,0.17,0.0
28,Conner Antley,us USA,DFMF,D.C. United,31.0,1995.0,4,0,29,0.3,0,0,0,0,0,0,0,0,0.0,0.0,0.0,0.0,0.0,0.0,0.0,0.0,0.0,0.0
29,Antony,br BRA,MFFW,Portland Timbers,24.0,2001.0,18,14,1231,13.7,2,1,3,2,0,0,0,0,0.15,0.07,0.22,0.15,0.22,0.15,0.0,0.0,0.0,0.0
30,Brian Anunga,cm CMR,MF,FC Cincinnati,30.0,1996.0,11,4,442,4.9,0,0,0,0,0,0,1,0,0.0,0.0,0.0,0.0,0.0,0.0,0.0,0.0,0.2,0.0
31,Matthew Arana,mx MEX,MF,Houston,15.0,2010.0,1,0,3,0.0,0,0,0,0,0,0,0,0,0.0,0.0,0.0,0.0,0.0,0.0,0.0,0.0,0.0,0.0
32,Alexander Aravena,cl CHI,MF,Portland Timbers,23.0,2002.0,15,4,485,5.4,1,0,1,1,0,0,0,0,0.19,0.0,0.19,0.19,0.19,0.19,0.0,0.0,0.0,0.0
33,Max Arfsten,us USA,MF,Columbus Crew,25.0,2001.0,17,17,1462,16.2,4,4,8,4,0,0,3,0,0.25,0.25,0.49,0.25,0.49,0.25,0.0,0.0,0.18,0.0
34,Juan Arias,co COL,DF,Real Salt Lake,22.0,2004.0,2,1,107,1.2,0,0,0,0,0,0,0,0,0.0,0.0,0.0,0.0,0.0,0.0,0.0,0.0,0.0,0.0
35,Emilio Aristizábal,co COL,FWMF,Toronto FC,21.0,2005.0,16,7,549,6.1,3,0,3,3,0,0,1,0,0.49,0.0,0.49,0.49,0.49,0.49,0.0,0.0,0.16,0.0
36,Daniel Armando Ríos,mx MEX,FW,CF Montréal,31.0,1995.0,16,4,528,5.9,2,0,2,1,1,1,3,0,0.34,0.0,0.34,0.17,0.17,0.17,0.17,0.17,0.51,0.0
37,Paul Arriola,us USA,MFDF,Seattle Sounders,31.0,1995.0,12,5,354,3.9,0,0,0,0,0,0,1,0,0.0,0.0,0.0,0.0,0.0,0.0,0.0,0.0,0.25,0.0
38,Artur,br BRA,MF,Houston,30.0,1996.0,12,9,814,9.0,0,1,1,0,0,0,2,0,0.0,0.11,0.11,0.0,0.11,0.0,0.0,0.0,0.22,0.0
39,Joshua Atencio,us USA,MF,Colorado Rapids,24.0,2002.0,16,12,1069,11.9,1,0,1,1,0,0,8,0,0.08,0.0,0.08,0.08,0.08,0.08,0.0,0.0,0.67,0.0
40,Eduard Atuesta,co COL,MF,Orlando City,29.0,1997.0,13,10,814,9.0,0,3,3,0,0,0,5,0,0.0,0.33,0.33,0.0,0.33,0.0,0.0,0.0,0.55,0.0
41,Julián Aude,ar ARG,DF,LA Galaxy,23.0,2003.0,11,9,654,7.3,0,0,0,0,0,0,2,0,0.0,0.0,0.0,0.0,0.0,0.0,0.0,0.0,0.28,0.0
42,Palmer Ault,us USA,FW,St. Louis City,22.0,2004.0,5,0,24,0.3,0,0,0,0,0,0,0,0,0.0,0.0,0.0,0.0,0.0,0.0,0.0,0.0,0.0,0.0
43,Tomás Avilés,ar ARG,DF,CF Montréal,22.0,2004.0,4,3,220,2.4,0,0,0,0,0,0,0,1,0.0,0.0,0.0,0.0,0.0,0.0,0.0,0.0,0.0,0.41
44,Nəriman Axundzadə,az AZE,MF,Columbus Crew,22.0,2004.0,7,1,117,1.3,0,0,0,0,0,0,0,0,0.0,0.0,0.0,0.0,0.0,0.0,0.0,0.0,0.0,0.0
45,David Ayala,ar ARG,MF,Inter Miami,24.0,2002.0,7,3,281,3.1,0,0,0,0,0,0,0,0,0.0,0.0,0.0,0.0,0.0,0.0,0.0,0.0,0.0,0.0
46,Jeevan Badwal,ca CAN,MF,Vancouver,20.0,2006.0,17,14,1138,12.6,1,2,3,1,0,0,2,0,0.08,0.16,0.24,0.08,0.24,0.08,0.0,0.0,0.16,0.0
47,Elías Báez,ar ARG,DF,Atlanta Utd,21.0,2004.0,17,17,1480,16.4,1,2,3,1,0,0,5,0,0.06,0.12,0.18,0.06,0.18,0.06,0.0,0.0,0.3,0.0
48,Drew Baiera,us USA,DF,NYCFC,19.0,2007.0,3,0,24,0.3,0,0,0,0,0,0,0,0,0.0,0.0,0.0,0.0,0.0,0.0,0.0,0.0,0.0,0.0
49,Cody Baker,us USA,DF,Seattle Sounders,22.0,2004.0,3,1,97,1.1,0,0,0,0,0,0,0,0,0.0,0.0,0.0,0.0,0.0,0.0,0.0,0.0,0.0,0.0
50,Cody Baker,us USA,DF,NE Revolution,22.0,2004.0,3,0,67,0.7,0,0,0,0,0,0,0,0,0.0,0.0,0.0,0.0,0.0,0.0,0.0,0.0,0.0,0.0
51,Reed Baker-Whiting,us USA,DF,Nashville SC,21.0,2005.0,12,5,497,5.5,0,0,0,0,0,0,1,0,0.0,0.0,0.0,0.0,0.0,0.0,0.0,0.0,0.18,0.0
52,Jonathan Bamba,ci CIV,MFFW,Chicago Fire,30.0,1996.0,13,11,939,10.4,2,2,4,2,0,0,2,0,0.19,0.19,0.38,0.19,0.38,0.19,0.0,0.0,0.19,0.0
53,Fletcher Bank,us USA,MF,Toronto FC,23.0,2003.0,1,0,13,0.1,0,0,0,0,0,0,0,0,0.0,0.0,0.0,0.0,0.0,0.0,0.0,0.0,0.0,0.0
54,Jesús Barea,es ESP,FW,Real Salt Lake,24.0,2002.0,3,0,17,0.2,0,0,0,0,0,0,0,0,0.0,0.0,0.0,0.0,0.0,0.0,0.0,0.0,0.0,0.0
55,Tai Baribo,il ISR,FW,D.C. United,28.0,1998.0,16,15,1282,14.2,12,0,12,9,3,3,3,0,0.84,0.0,0.84,0.63,0.63,0.63,0.21,0.21,0.21,0.0
56,Tom Barlow,us USA,FWMF,FC Cincinnati,31.0,1995.0,19,6,708,7.9,6,1,7,6,0,0,2,0,0.76,0.13,0.89,0.76,0.89,0.76,0.0,0.0,0.25,0.0
57,Leonardo Barroso,pt POR,DFMF,Chicago Fire,21.0,2005.0,10,10,749,8.3,0,0,0,0,0,0,1,0,0.0,0.0,0.0,0.0,0.0,0.0,0.0,0.0,0.12,0.0
58,Jacob Bartlett,us USA,MF,Sporting KC,20.0,2005.0,15,9,901,10.0,1,0,1,1,0,0,2,0,0.1,0.0,0.1,0.1,0.1,0.1,0.0,0.0,0.2,0.0
59,Lucas Bartlett,us USA,DF,D.C. United,29.0,1997.0,18,18,1616,18.0,2,0,2,2,0,0,5,0,0.11,0.0,0.11,0.11,0.11,0.11,0.0,0.0,0.28,0.0
60,Ethan Bartlow,us USA,DF,Sporting KC,26.0,2000.0,11,9,790,8.8,0,0,0,0,0,0,1,0,0.0,0.0,0.0,0.0,0.0,0.0,0.0,0.0,0.11,0.0
61,Cole Bassett,us USA,MF,Portland Timbers,25.0,2001.0,15,15,1215,13.5,3,2,5,3,0,0,2,0,0.22,0.15,0.37,0.22,0.37,0.22,0.0,0.0,0.15,0.0
62,Zorhan Bassong,ca CAN,MF,Sporting KC,27.0,1999.0,10,8,610,6.8,0,0,0,0,0,0,3,0,0.0,0.0,0.0,0.0,0.0,0.0,0.0,0.0,0.44,0.0
63,Josh Bauer,us USA,DF,Nashville SC,28.0,1998.0,14,6,506,5.6,0,0,0,0,0,0,1,0,0.0,0.0,0.0,0.0,0.0,0.0,0.0,0.0,0.18,0.0
64,Timo Baumgartl,de GER,DF,St. Louis City,30.0,1996.0,19,19,1710,19.0,1,0,1,1,0,0,2,0,0.05,0.0,0.05,0.05,0.05,0.05,0.0,0.0,0.11,0.0
65,Julián Bazán,co COL,DF,RB New York,20.0,2005.0,5,3,298,3.3,0,0,0,0,0,0,0,0,0.0,0.0,0.0,0.0,0.0,0.0,0.0,0.0,0.0,0.0
66,Tanner Beason,us USA,DF,NE Revolution,29.0,1997.0,5,0,57,0.6,0,0,0,0,0,0,0,0,0.0,0.0,0.0,0.0,0.0,0.0,0.0,0.0,0.0,0.0
67,Simon Becher,us USA,FW,St. Louis City,27.0,1999.0,19,18,1498,16.6,4,4,8,4,0,0,1,0,0.24,0.24,0.48,0.24,0.48,0.24,0.0,0.0,0.06,0.0
68,Alejandro Bedoya,us USA,MF,Philadelphia,39.0,1987.0,11,1,217,2.4,0,2,2,0,0,0,1,0,0.0,0.83,0.83,0.0,0.83,0.0,0.0,0.0,0.41,0.0
69,Jon Bell,jm JAM,DF,Austin FC,28.0,1997.0,14,7,722,8.0,2,0,2,2,0,0,1,0,0.25,0.0,0.25,0.25,0.25,0.25,0.0,0.0,0.12,0.0
70,Ben Bender,us USA,DFMF,Philadelphia,25.0,2001.0,8,4,435,4.8,1,0,1,1,0,0,1,0,0.21,0.0,0.21,0.21,0.21,0.21,0.0,0.0,0.21,0.0
71,Nehuén Benedetti,ar ARG,MF,RB New York,21.0,2005.0,6,0,92,1.0,0,0,0,0,0,0,1,0,0.0,0.0,0.0,0.0,0.0,0.0,0.0,0.0,0.98,0.0
72,Ramiro Benetti,br BRA,MF,FC Dallas,33.0,1993.0,15,13,1068,11.9,0,1,1,0,0,0,3,0,0.0,0.08,0.08,0.0,0.08,0.0,0.0,0.0,0.25,0.0
73,Lasse Berg Johnsen,no NOR,MF,Sporting KC,27.0,1999.0,15,14,1223,13.6,1,0,1,1,0,0,4,1,0.07,0.0,0.07,0.07,0.07,0.07,0.0,0.0,0.29,0.07
74,Gustav Berggren,se SWE,MFDF,RB New York,28.0,1997.0,12,4,416,4.6,0,2,2,0,0,0,1,1,0.0,0.43,0.43,0.0,0.43,0.0,0.0,0.0,0.22,0.22
75,Sebastian Berhalter,us USA,MF,Vancouver,25.0,2001.0,14,13,1121,12.5,6,4,10,5,1,1,3,0,0.48,0.32,0.8,0.4,0.72,0.4,0.08,0.08,0.24,0.0
76,Juan Berrocal,es ESP,DF,Atlanta Utd,27.0,1999.0,9,8,731,8.1,0,0,0,0,0,0,2,0,0.0,0.0,0.0,0.0,0.0,0.0,0.0,0.0,0.25,0.0
77,Germán Berterame,mx MEX,FW,Inter Miami,27.0,1998.0,17,14,1305,14.5,7,4,11,7,0,0,1,0,0.48,0.28,0.76,0.48,0.76,0.48,0.0,0.0,0.07,0.0
78,Pep Biel,es ESP,MFFW,Charlotte,29.0,1996.0,19,19,1658,18.4,10,5,15,9,1,1,2,0,0.54,0.27,0.81,0.49,0.76,0.49,0.05,0.05,0.11,0.0
79,Mamadou Billo Diop,sn SEN,FW,Colorado Rapids,19.0,2006.0,2,0,19,0.2,0,0,0,0,0,0,0,0,0.0,0.0,0.0,0.0,0.0,0.0,0.0,0.0,0.0,0.0
80,Ran Binyamin,il ISR,MFDF,FC Dallas,22.0,2004.0,16,6,521,5.8,0,2,2,0,0,0,1,0,0.0,0.35,0.35,0.0,0.35,0.0,0.0,0.0,0.17,0.0
81,Guilherme Biro,br BRA,DF,Austin FC,26.0,2000.0,16,15,1205,13.4,1,1,2,1,0,0,4,1,0.07,0.07,0.15,0.07,0.15,0.07,0.0,0.0,0.3,0.07
82,Tristan Blackmon,us USA,DF,Vancouver,30.0,1996.0,17,16,1465,16.3,1,0,1,1,0,0,3,0,0.06,0.0,0.06,0.06,0.06,0.06,0.0,0.0,0.18,0.0
83,Andre Blake,jm JAM,GK,Philadelphia,35.0,1990.0,18,18,1620,18.0,0,0,0,0,0,0,0,0,0.0,0.0,0.0,0.0,0.0,0.0,0.0,0.0,0.0,0.0
84,Or Blorian,il ISR,DF,Sporting KC,26.0,2000.0,5,5,383,4.3,0,0,0,0,0,0,0,0,0.0,0.0,0.0,0.0,0.0,0.0,0.0,0.0,0.0,0.0
85,Isaac Boehmer,us USA,GK,Vancouver,24.0,2001.0,2,1,114,1.3,0,0,0,0,0,0,0,0,0.0,0.0,0.0,0.0,0.0,0.0,0.0,0.0,0.0,0.0
86,Mateusz Bogusz,pl POL,MFFW,Houston,24.0,2001.0,18,17,1527,17.0,4,1,5,4,0,0,2,0,0.24,0.06,0.29,0.24,0.29,0.24,0.0,0.0,0.12,0.0
87,Luca Bombino,us USA,DF,San Diego FC,20.0,2006.0,15,12,1056,11.7,1,1,2,1,0,0,5,1,0.09,0.09,0.17,0.09,0.17,0.09,0.0,0.0,0.43,0.09
88,Jonathan Bond,eng ENG,GK,Houston,33.0,1993.0,19,19,1665,18.5,0,0,0,0,0,0,0,0,0.0,0.0,0.0,0.0,0.0,0.0,0.0,0.0,0.0,0.0
89,Alex Bonetig,au AUS,DF,Portland Timbers,23.0,2002.0,8,7,648,7.2,1,0,1,1,0,0,1,0,0.14,0.0,0.14,0.14,0.14,0.14,0.0,0.0,0.14,0.0
90,Zach Booth,us USA,MFFW,Real Salt Lake,22.0,2004.0,11,6,433,4.8,1,0,1,1,0,0,2,0,0.21,0.0,0.21,0.21,0.21,0.21,0.0,0.0,0.42,0.0
91,Diego Borges,br BRA,DF,Sporting KC,21.0,2004.0,3,2,204,2.3,0,0,0,0,0,0,1,0,0.0,0.0,0.0,0.0,0.0,0.0,0.0,0.0,0.44,0.0
92,Dylan Borso,us USA,MF,Chicago Fire,20.0,2006.0,4,0,78,0.9,0,0,0,0,0,0,1,0,0.0,0.0,0.0,0.0,0.0,0.0,0.0,0.0,1.15,0.0
93,Antone Bossenberry,ca CAN,MF,Toronto FC,18.0,2008.0,2,0,35,0.4,0,0,0,0,0,0,0,0,0.0,0.0,0.0,0.0,0.0,0.0,0.0,0.0,0.0,0.0
94,Denis Bouanga,ga GAB,FWMF,LAFC,31.0,1994.0,19,19,1633,18.1,10,4,14,9,1,1,5,0,0.55,0.22,0.77,0.5,0.72,0.5,0.06,0.06,0.28,0.0
95,Ousseni Bouda,bf BFA,MFFW,SJ Earthquakes,26.0,2000.0,19,17,1503,16.7,5,1,6,5,0,0,1,0,0.3,0.06,0.36,0.3,0.36,0.3,0.0,0.0,0.06,0.0
96,Amin Boudri,se SWE,MF,LAFC,21.0,2004.0,4,0,78,0.9,0,0,0,0,0,0,0,0,0.0,0.0,0.0,0.0,0.0,0.0,0.0,0.0,0.0,0.0
97,Agustín Bouzat,ar ARG,MF,Houston,32.0,1994.0,16,8,786,8.7,1,1,2,1,0,0,1,1,0.11,0.11,0.23,0.11,0.23,0.11,0.0,0.0,0.11,0.11
98,Michael Boxall,nz NZL,DF,Minnesota Utd,38.0,1988.0,11,9,757,8.4,0,0,0,0,0,0,1,0,0.0,0.0,0.0,0.0,0.0,0.0,0.0,0.0,0.12,0.0
99,Tyler Boyd,us USA,MFFW,LAFC,31.0,1994.0,17,5,547,6.1,1,2,3,1,0,0,2,0,0.16,0.33,0.49,0.16,0.49,0.16,0.0,0.0,0.33,0.0
100,Chris Brady,us USA,GK,Chicago Fire,22.0,2004.0,18,18,1620,18.0,0,0,0,0,0,0,1,0,0.0,0.0,0.0,0.0,0.0,0.0,0.0,0.0,0.06,0.0
101,David Brekalo,si SVN,DF,Orlando City,27.0,1998.0,15,13,1136,12.6,1,0,1,1,0,0,2,0,0.08,0.0,0.08,0.08,0.08,0.08,0.0,0.0,0.16,0.0
102,Luke Brennan,us USA,MF,Atlanta Utd,21.0,2005.0,12,3,325,3.6,0,0,0,0,0,0,0,0,0.0,0.0,0.0,0.0,0.0,0.0,0.0,0.0,0.0,0.0
103,Sebastian Breza,ca CAN,GK,CF Montréal,28.0,1998.0,3,3,270,3.0,0,0,0,0,0,0,1,0,0.0,0.0,0.0,0.0,0.0,0.0,0.0,0.0,0.33,0.0
104,Yannick Bright,it ITA,MF,Inter Miami,24.0,2001.0,16,15,1300,14.4,0,1,1,0,0,0,3,1,0.0,0.07,0.07,0.0,0.07,0.0,0.0,0.0,0.21,0.07
105,Brandt Bronico,us USA,MF,Charlotte,31.0,1995.0,15,6,597,6.6,1,0,1,1,0,0,1,0,0.15,0.0,0.15,0.15,0.15,0.15,0.0,0.0,0.15,0.0
106,Snyder Brunell,us USA,MF,Seattle Sounders,19.0,2007.0,18,13,1142,12.7,0,1,1,0,0,0,2,0,0.0,0.08,0.08,0.0,0.08,0.0,0.0,0.0,0.16,0.0
107,Charles-Emile Brunet,ca CAN,MF,Nashville SC,22.0,2003.0,4,0,58,0.6,0,0,0,0,0,0,0,0,0.0,0.0,0.0,0.0,0.0,0.0,0.0,0.0,0.0,0.0
108,Pavel Bucha,cz CZE,MF,FC Cincinnati,28.0,1998.0,18,18,1569,17.4,5,4,9,5,0,0,3,0,0.29,0.23,0.52,0.29,0.52,0.29,0.0,0.0,0.17,0.0
109,Noel Buck,eng ENG,MF,SJ Earthquakes,21.0,2005.0,1,1,63,0.7,0,0,0,0,0,0,0,0,0.0,0.0,0.0,0.0,0.0,0.0,0.0,0.0,0.0,0.0
110,Dawid Bugaj,pl POL,DF,CF Montréal,22.0,2004.0,15,12,1095,12.2,0,0,0,0,0,0,1,0,0.0,0.0,0.0,0.0,0.0,0.0,0.0,0.0,0.08,0.0
111,Roman Bürki,ch SUI,GK,St. Louis City,35.0,1990.0,17,17,1530,17.0,0,0,0,0,0,0,1,0,0.0,0.0,0.0,0.0,0.0,0.0,0.0,0.0,0.06,0.0
112,Micah Burton,us USA,FW,Austin FC,20.0,2006.0,2,0,20,0.2,0,0,0,0,0,0,0,0,0.0,0.0,0.0,0.0,0.0,0.0,0.0,0.0,0.0,0.0
113,Brandon Bye,us USA,DF,Portland Timbers,30.0,1995.0,19,18,1634,18.2,1,3,4,1,0,0,4,0,0.06,0.17,0.22,0.06,0.22,0.06,0.0,0.0,0.22,0.0
114,Nathan Byrne,eng ENG,DF,Charlotte,34.0,1992.0,18,17,1506,16.7,0,0,0,0,0,0,3,0,0.0,0.0,0.0,0.0,0.0,0.0,0.0,0.0,0.18,0.0
115,Rafael Cabral,br BRA,GK,Real Salt Lake,36.0,1990.0,18,18,1620,18.0,0,0,0,0,0,0,0,0,0.0,0.0,0.0,0.0,0.0,0.0,0.0,0.0,0.0,0.0
116,Kenji Cabrera,pe PER,MF,Vancouver,23.0,2003.0,9,2,313,3.5,0,2,2,0,0,0,2,0,0.0,0.58,0.58,0.0,0.58,0.0,0.0,0.0,0.58,0.0
117,Bruno Caicedo,ec ECU,MF,Vancouver,21.0,2005.0,9,3,347,3.9,2,3,5,2,0,0,2,0,0.52,0.78,1.3,0.52,1.3,0.52,0.0,0.0,0.52,0.0
118,Fricio Caicedo,ec ECU,DF,Inter Miami,18.0,2008.0,1,1,90,1.0,0,0,0,0,0,0,0,0,0.0,0.0,0.0,0.0,0.0,0.0,0.0,0.0,0.0,0.0
119,José Caicedo,co COL,MF,Portland Timbers,24.0,2002.0,12,8,612,6.8,0,0,0,0,0,0,1,0,0.0,0.0,0.0,0.0,0.0,0.0,0.0,0.0,0.15,0.0
120,Marcus Caldeira,ca CAN,FW,Minnesota Utd,21.0,2004.0,2,0,12,0.1,0,1,1,0,0,0,0,0,0.0,7.5,7.5,0.0,7.5,0.0,0.0,0.0,0.0,0.0
121,Taylor Calheira,us USA,FW,Sporting KC,24.0,2002.0,11,3,292,3.2,0,0,0,0,0,0,1,0,0.0,0.0,0.0,0.0,0.0,0.0,0.0,0.0,0.31,0.0
122,Noel Caliskan,de GER,MF,Real Salt Lake,25.0,2000.0,18,17,1546,17.2,0,2,2,0,0,0,3,0,0.0,0.12,0.12,0.0,0.12,0.0,0.0,0.0,0.17,0.0
123,Drake Callender,us USA,GK,Minnesota Utd,28.0,1997.0,19,19,1710,19.0,0,0,0,0,0,0,1,0,0.0,0.0,0.0,0.0,0.0,0.0,0.0,0.0,0.05,0.0
124,Rudy Camacho,fr FRA,DF,Columbus Crew,35.0,1991.0,18,17,1537,17.1,0,0,0,0,0,0,5,0,0.0,0.0,0.0,0.0,0.0,0.0,0.0,0.0,0.29,0.0
125,Leonardo Campana,ec ECU,FW,NE Revolution,26.0,2000.0,2,1,109,1.2,1,0,1,1,0,0,0,0,0.83,0.0,0.83,0.83,0.83,0.83,0.0,0.0,0.0,0.0
126,Reggie Cannon,us USA,DF,Colorado Rapids,28.0,1998.0,10,8,615,6.8,1,0,1,1,0,0,3,0,0.15,0.0,0.15,0.15,0.15,0.15,0.0,0.0,0.44,0.0
127,Capita,ao ANG,MFFW,Sporting KC,24.0,2002.0,12,11,825,9.2,2,1,3,2,0,0,4,0,0.22,0.11,0.33,0.22,0.33,0.22,0.0,0.0,0.44,0.0
128,Christian Cappis,us USA,MF,FC Dallas,27.0,1999.0,19,13,1183,13.1,0,1,1,0,0,0,4,0,0.0,0.08,0.08,0.0,0.08,0.0,0.0,0.0,0.3,0.0
129,Antonio Carlos,br BRA,DF,Houston,33.0,1993.0,13,11,1034,11.5,0,0,0,0,0,0,0,1,0.0,0.0,0.0,0.0,0.0,0.0,0.0,0.0,0.0,0.09
130,Wikelman Carmona,ve VEN,MFFW,CF Montréal,23.0,2003.0,12,10,792,8.8,4,2,6,4,0,0,1,0,0.45,0.23,0.68,0.45,0.68,0.45,0.0,0.0,0.11,0.0
131,Maxi Carrizo,us USA,MF,NYCFC,18.0,2008.0,6,0,92,1.0,0,0,0,0,0,0,0,0,0.0,0.0,0.0,0.0,0.0,0.0,0.0,0.0,0.0,0.0
132,Wilder Cartagena,pe PER,MF,Orlando City,31.0,1994.0,6,1,80,0.9,0,0,0,0,0,0,1,0,0.0,0.0,0.0,0.0,0.0,0.0,0.0,0.0,1.12,0.0
133,Cabral Carter,us USA,GK,LAFC,22.0,2004.0,1,0,61,0.7,0,0,0,0,0,0,0,0,0.0,0.0,0.0,0.0,0.0,0.0,0.0,0.0,0.0,0.0
134,Casemiro,br BRA,MF,Inter Miami,34.0,1992.0,3,3,270,3.0,0,0,0,0,0,0,2,0,0.0,0.0,0.0,0.0,0.0,0.0,0.0,0.0,0.67,0.0
135,Nico Cavallo,us USA,DFMF,NYCFC,24.0,2001.0,10,9,799,8.9,0,0,0,0,0,0,1,0,0.0,0.0,0.0,0.0,0.0,0.0,0.0,0.0,0.11,0.0
136,Brayan Ceballos,co COL,DF,NE Revolution,25.0,2001.0,9,8,635,7.1,2,0,2,2,0,0,3,0,0.28,0.0,0.28,0.28,0.28,0.28,0.0,0.0,0.43,0.0
137,Brayan Ceballos,co COL,DF,CF Montréal,25.0,2001.0,1,1,61,0.7,0,0,0,0,0,0,0,0,0.0,0.0,0.0,0.0,0.0,0.0,0.0,0.0,0.0,0.0
138,Roman Celentano,us USA,GK,FC Cincinnati,25.0,2000.0,17,17,1530,17.0,0,0,0,0,0,0,0,0,0.0,0.0,0.0,0.0,0.0,0.0,0.0,0.0,0.0,0.0
139,Edwin Cerrillo,us USA,MF,LA Galaxy,25.0,2000.0,16,14,1271,14.1,0,0,0,0,0,0,5,0,0.0,0.0,0.0,0.0,0.0,0.0,0.0,0.0,0.35,0.0
140,Dylan Chambost,fr FRA,MF,Columbus Crew,28.0,1997.0,16,12,1000,11.1,0,2,2,0,0,0,2,0,0.0,0.18,0.18,0.0,0.18,0.0,0.0,0.0,0.18,0.0
141,Tomás Chancalay,ar ARG,FWMF,Minnesota Utd,27.0,1999.0,19,16,1370,15.2,2,3,5,2,0,0,3,0,0.13,0.2,0.33,0.13,0.33,0.13,0.0,0.0,0.2,0.0
142,Kieran Chandler,us USA,DF,Minnesota Utd,21.0,2005.0,1,0,9,0.1,0,0,0,0,0,0,0,0,0.0,0.0,0.0,0.0,0.0,0.0,0.0,0.0,0.0,0.0
143,Diego Chará,co COL,MF,Portland Timbers,40.0,1986.0,15,9,903,10.0,0,0,0,0,0,0,4,0,0.0,0.0,0.0,0.0,0.0,0.0,0.0,0.0,0.4,0.0
144,Gabriel Chaves,br BRA,MFFW,LA Galaxy,25.0,2001.0,14,14,1211,13.5,5,4,9,5,0,0,5,1,0.37,0.3,0.67,0.37,0.67,0.37,0.0,0.0,0.37,0.07
145,Justin Che,us USA,DF,RB New York,22.0,2003.0,12,10,914,10.2,0,0,0,0,0,0,4,0,0.0,0.0,0.0,0.0,0.0,0.0,0.0,0.0,0.39,0.0
146,Yevhen Cheberko,ua UKR,DFMF,Columbus Crew,28.0,1998.0,3,0,85,0.9,0,0,0,0,0,0,0,0,0.0,0.0,0.0,0.0,0.0,0.0,0.0,0.0,0.0,0.0
147,Yevhen Cheberko,ua UKR,DF,LAFC,28.0,1998.0,5,5,434,4.8,0,0,0,0,0,0,0,0,0.0,0.0,0.0,0.0,0.0,0.0,0.0,0.0,0.0,0.0
148,Andrei Chirilă,us USA,DF,FC Cincinnati,18.0,2008.0,6,4,419,4.7,1,0,1,1,0,0,1,0,0.21,0.0,0.21,0.21,0.21,0.21,0.0,0.0,0.21,0.0
149,Micah Chisholm,ca CAN,DF,Toronto FC,21.0,2004.0,2,0,66,0.7,0,0,0,0,0,0,0,0,0.0,0.0,0.0,0.0,0.0,0.0,0.0,0.0,0.0,0.0
150,Mathieu Choinière,ca CAN,MF,LAFC,27.0,1999.0,20,12,1106,12.3,2,3,5,2,0,0,1,0,0.16,0.24,0.41,0.16,0.41,0.16,0.0,0.0,0.08,0.0
151,Richard Chukwu,ca CAN,DF,Toronto FC,18.0,2008.0,1,1,70,0.8,0,0,0,0,0,0,0,0,0.0,0.0,0.0,0.0,0.0,0.0,0.0,0.0,0.0,0.0
152,José Cifuentes,ec ECU,MF,Toronto FC,27.0,1999.0,10,10,792,8.8,1,1,2,1,0,0,3,0,0.11,0.11,0.23,0.11,0.23,0.11,0.0,0.0,0.34,0.0
153,Markus Cimermancic,ca CAN,MF,Toronto FC,21.0,2004.0,3,3,227,2.5,0,0,0,0,0,0,0,0,0.0,0.0,0.0,0.0,0.0,0.0,0.0,0.0,0.0,0.0
154,Caden Clark,us USA,MF,D.C. United,23.0,2003.0,7,0,89,1.0,0,0,0,0,0,0,1,0,0.0,0.0,0.0,0.0,0.0,0.0,0.0,0.0,1.01,0.0
155,Will Cleary,us USA,DF,Charlotte,23.0,2003.0,5,2,234,2.6,0,1,1,0,0,0,0,0,0.0,0.38,0.38,0.0,0.38,0.0,0.0,0.0,0.0,0.0
156,Stefan Cleveland,us USA,GK,Sporting KC,32.0,1994.0,10,10,900,10.0,0,0,0,0,0,0,0,0,0.0,0.0,0.0,0.0,0.0,0.0,0.0,0.0,0.0,0.0
157,Noah Cobb,us USA,DF,Colorado Rapids,21.0,2005.0,9,2,339,3.8,0,0,0,0,0,0,2,0,0.0,0.0,0.0,0.0,0.0,0.0,0.0,0.0,0.53,0.0
158,Alonso Coello,es ESP,MF,Toronto FC,26.0,1999.0,19,14,1283,14.3,0,3,3,0,0,0,3,0,0.0,0.21,0.21,0.0,0.21,0.0,0.0,0.0,0.21,0.0
159,Michael Collodi,us USA,GK,FC Dallas,25.0,2001.0,13,13,1170,13.0,0,0,0,0,0,0,2,0,0.0,0.0,0.0,0.0,0.0,0.0,0.0,0.0,0.15,0.0
160,Theo Corbeanu,ca CAN,MFFW,Toronto FC,24.0,2002.0,6,4,361,4.0,1,0,1,1,0,0,1,0,0.25,0.0,0.25,0.25,0.25,0.25,0.0,0.0,0.25,0.0
161,Matthew Corcoran,us USA,MF,Nashville SC,20.0,2006.0,16,13,1162,12.9,0,0,0,0,0,0,4,1,0.0,0.0,0.0,0.0,0.0,0.0,0.0,0.0,0.31,0.08
162,Sergio Córdova,ve VEN,FWMF,St. Louis City,29.0,1997.0,10,4,495,5.5,1,0,1,1,0,0,1,0,0.18,0.0,0.18,0.18,0.18,0.18,0.0,0.0,0.18,0.0
163,David Costa,pt POR,MF,Portland Timbers,25.0,2001.0,16,16,1327,14.7,1,6,7,1,0,0,1,0,0.07,0.41,0.47,0.07,0.47,0.07,0.0,0.0,0.07,0.0
164,Vitor Costa,br BRA,DF,SJ Earthquakes,32.0,1994.0,4,1,150,1.7,0,0,0,0,0,0,0,0,0.0,0.0,0.0,0.0,0.0,0.0,0.0,0.0,0.0,0.0
165,Cade Cowell,us USA,FWMF,RB New York,22.0,2003.0,17,17,1183,13.1,2,5,7,2,0,0,1,0,0.15,0.38,0.53,0.15,0.53,0.15,0.0,0.0,0.08,0.0
166,Brandan Craig,us USA,DF,CF Montréal,22.0,2004.0,7,2,305,3.4,0,0,0,0,0,0,2,0,0.0,0.0,0.0,0.0,0.0,0.0,0.0,0.0,0.59,0.0
167,Maxime Crépeau,ca CAN,GK,Orlando City,32.0,1994.0,18,18,1545,17.2,0,0,0,0,0,0,2,1,0.0,0.0,0.0,0.0,0.0,0.0,0.0,0.0,0.12,0.06
168,Andrés Cubas,py PAR,MF,Vancouver,30.0,1996.0,15,14,1194,13.3,0,1,1,0,0,0,6,0,0.0,0.08,0.08,0.0,0.08,0.0,0.0,0.0,0.45,0.0
169,Mauricio Cuevas,us USA,DFMF,LA Galaxy,23.0,2003.0,12,7,723,8.0,0,0,0,0,0,0,4,0,0.0,0.0,0.0,0.0,0.0,0.0,0.0,0.0,0.5,0.0
170,Christopher Cupps,us USA,DF,Chicago Fire,18.0,2008.0,2,0,44,0.5,0,0,0,0,0,0,0,0,0.0,0.0,0.0,0.0,0.0,0.0,0.0,0.0,0.0,0.0
171,Hugo Cuypers,be BEL,FW,Chicago Fire,29.0,1997.0,11,11,989,11.0,13,0,13,11,2,4,1,0,1.18,0.0,1.18,1.0,1.0,1.0,0.18,0.36,0.09,0.0
172,Jayden Da,us USA,FW,NE Revolution,24.0,2002.0,1,0,9,0.1,0,0,0,0,0,0,0,0,0.0,0.0,0.0,0.0,0.0,0.0,0.0,0.0,0.0,0.0
173,Bruno Damiani,uy URU,FW,Philadelphia,24.0,2002.0,19,17,1421,15.8,3,1,4,3,0,0,3,0,0.19,0.06,0.25,0.19,0.25,0.19,0.0,0.0,0.19,0.0
174,Dagur Dan Þórhallsson,is ISL,DF,San Diego FC,26.0,2000.0,1,1,90,1.0,0,0,0,0,0,0,0,0,0.0,0.0,0.0,0.0,0.0,0.0,0.0,0.0,0.0,0.0
175,Dagur Dan Þórhallsson,is ISL,MFDF,CF Montréal,26.0,2000.0,10,7,606,6.7,1,0,1,1,0,0,0,0,0.15,0.0,0.15,0.15,0.15,0.15,0.0,0.0,0.0,0.0
176,Daniel,br BRA,GK,FC Dallas,32.0,1994.0,2,2,108,1.2,0,0,0,0,0,0,0,0,0.0,0.0,0.0,0.0,0.0,0.0,0.0,0.0,0.0,0.0
177,Daniel,br BRA,GK,SJ Earthquakes,32.0,1994.0,15,14,1327,14.7,0,0,0,0,0,0,4,0,0.0,0.0,0.0,0.0,0.0,0.0,0.0,0.0,0.27,0.0
178,Jesús Daniel Bueno,ve VEN,MF,Philadelphia,27.0,1999.0,13,6,549,6.1,1,0,1,1,0,0,1,0,0.16,0.0,0.16,0.16,0.16,0.16,0.0,0.0,0.16,0.0
179,Juan David Mosquera,co COL,DF,Portland Timbers,23.0,2002.0,3,1,70,0.8,1,1,2,1,0,0,0,0,1.29,1.29,2.57,1.29,2.57,1.29,0.0,0.0,0.0,0.0
180,Jake Davis,us USA,DFMF,Sporting KC,24.0,2002.0,18,16,1410,15.7,0,2,2,0,0,0,3,0,0.0,0.13,0.13,0.0,0.13,0.0,0.0,0.0,0.19,0.0
181,Rodrigo De Paul,ar ARG,MF,Inter Miami,32.0,1994.0,15,15,1350,15.0,4,4,8,4,0,0,4,0,0.27,0.27,0.53,0.27,0.53,0.27,0.0,0.0,0.27,0.0
182,Osaze De Rosario,gy GUY,FW,Seattle Sounders,25.0,2001.0,16,6,584,6.5,2,0,2,2,0,0,0,0,0.31,0.0,0.31,0.31,0.31,0.31,0.0,0.0,0.0,0.0
183,Jonathan Dean,us USA,DF,Chicago Fire,29.0,1997.0,14,10,933,10.4,0,0,0,0,0,0,1,1,0.0,0.0,0.0,0.0,0.0,0.0,0.0,0.0,0.1,0.1
184,Louicius Deedson,ht HAI,MF,FC Dallas,25.0,2001.0,7,3,254,2.8,1,0,1,1,0,0,0,0,0.35,0.0,0.35,0.35,0.35,0.35,0.0,0.0,0.0,0.0
185,Marky Delgado,us USA,MF,LAFC,31.0,1995.0,19,15,1360,15.1,2,2,4,2,0,0,2,0,0.13,0.13,0.26,0.13,0.26,0.13,0.0,0.0,0.13,0.0
186,Patrickson Delgado,ec ECU,MFFW,FC Dallas,22.0,2003.0,15,9,676,7.5,3,0,3,3,0,0,3,0,0.4,0.0,0.4,0.4,0.4,0.4,0.0,0.0,0.4,0.0
187,Lovens Delinois,ht HAI,FW,Inter Miami,21.0,2004.0,1,0,5,0.1,0,0,0,0,0,0,0,0,0.0,0.0,0.0,0.0,0.0,0.0,0.0,0.0,0.0,0.0
188,Kévin Denkey,tg TOG,FW,FC Cincinnati,25.0,2000.0,18,17,1503,16.7,11,2,13,9,2,2,4,1,0.66,0.12,0.78,0.54,0.66,0.54,0.12,0.12,0.24,0.06
189,Mikkel Desler,dk DEN,DF,Austin FC,31.0,1995.0,9,6,550,6.1,1,0,1,1,0,0,2,0,0.16,0.0,0.16,0.16,0.16,0.16,0.0,0.0,0.33,0.0
190,Djibril Diani,fr FRA,MF,Charlotte,28.0,1998.0,17,9,796,8.8,0,1,1,0,0,0,3,0,0.0,0.11,0.11,0.0,0.11,0.0,0.0,0.0,0.34,0.0
191,Jefferson Díaz,co COL,DF,Minnesota Utd,25.0,2000.0,17,16,1382,15.4,0,1,1,0,0,0,7,0,0.0,0.07,0.07,0.0,0.07,0.0,0.0,0.0,0.46,0.0
192,Mamadou Dieng,sn SEN,FW,Minnesota Utd,22.0,2004.0,17,5,479,5.3,0,0,0,0,0,0,1,0,0.0,0.0,0.0,0.0,0.0,0.0,0.0,0.0,0.19,0.0
193,Daryl Dike,us USA,FW,Orlando City,26.0,2000.0,1,0,9,0.1,0,0,0,0,0,0,0,0,0.0,0.0,0.0,0.0,0.0,0.0,0.0,0.0,0.0,0.0
194,Griffin Dillon,us USA,MF,Real Salt Lake,23.0,2003.0,10,4,378,4.2,0,0,0,0,0,0,1,0,0.0,0.0,0.0,0.0,0.0,0.0,0.0,0.0,0.24,0.0
195,Puso Dithejane,za RSA,MF,Chicago Fire,22.0,2004.0,12,1,268,3.0,1,0,1,1,0,0,2,0,0.34,0.0,0.34,0.34,0.34,0.34,0.0,0.0,0.67,0.0
196,Innocent Dje,ci CIV,MF,Chicago Fire,23.0,2003.0,17,14,1199,13.3,1,0,1,1,0,0,6,0,0.08,0.0,0.08,0.08,0.08,0.08,0.0,0.0,0.45,0.0
197,Nikola Djordjevic,us USA,DF,Vancouver,23.0,2002.0,5,0,94,1.0,0,0,0,0,0,0,0,0,0.0,0.0,0.0,0.0,0.0,0.0,0.0,0.0,0.0,0.0
198,Ronald Donkor,gh GHA,MF,RB New York,21.0,2004.0,18,18,1540,17.1,1,4,5,1,0,0,5,0,0.06,0.23,0.29,0.06,0.29,0.06,0.0,0.0,0.29,0.0
199,Shane Donovan,us USA,MF,Sporting KC,19.0,2007.0,1,0,1,0.0,0,0,0,0,0,0,0,0,0.0,0.0,0.0,0.0,0.0,0.0,0.0,0.0,0.0,0.0
200,Niklas Dorsch,de GER,MF,Toronto FC,28.0,1998.0,2,2,160,1.8,1,0,1,1,0,0,1,0,0.56,0.0,0.56,0.56,0.56,0.56,0.0,0.0,0.56,0.0
201,Griffin Dorsey,us USA,DFMF,Orlando City,27.0,1999.0,16,15,1292,14.4,3,1,4,3,0,0,1,0,0.21,0.07,0.28,0.21,0.28,0.21,0.0,0.0,0.07,0.0
202,C.J. dos Santos,cv CPV,GK,San Diego FC,25.0,2000.0,6,6,539,6.0,0,0,0,0,0,0,0,0,0.0,0.0,0.0,0.0,0.0,0.0,0.0,0.0,0.0,0.0
203,Matthew Dos Santos,us USA,DF,RB New York,18.0,2008.0,18,17,1210,13.4,0,0,0,0,0,0,1,0,0.0,0.0,0.0,0.0,0.0,0.0,0.0,0.0,0.07,0.0
204,Hassani Dotson,us USA,MF,Seattle Sounders,29.0,1997.0,13,10,825,9.2,1,0,1,1,0,0,4,0,0.11,0.0,0.11,0.11,0.11,0.11,0.0,0.0,0.44,0.0
205,Andre Dozzell,eng ENG,MF,D.C. United,27.0,1999.0,4,4,357,4.0,0,0,0,0,0,0,1,0,0.0,0.0,0.0,0.0,0.0,0.0,0.0,0.0,0.25,0.0
206,Anders Dreyer,dk DEN,FWMF,San Diego FC,28.0,1998.0,19,18,1643,18.3,8,7,15,4,4,4,3,1,0.44,0.38,0.82,0.22,0.6,0.22,0.22,0.22,0.16,0.05
207,Manu Duah,gh GHA,DF,San Diego FC,21.0,2005.0,18,18,1559,17.3,0,1,1,0,0,0,1,1,0.0,0.06,0.06,0.0,0.06,0.0,0.0,0.0,0.06,0.06
208,Nicolás Dubersarsky,ar ARG,MF,Austin FC,21.0,2004.0,11,7,659,7.3,0,0,0,0,0,0,2,0,0.0,0.0,0.0,0.0,0.0,0.0,0.0,0.0,0.27,0.0
209,Morris Duggan,de GER,DF,Minnesota Utd,25.0,2000.0,19,19,1710,19.0,1,0,1,1,0,0,4,0,0.05,0.0,0.05,0.05,0.05,0.05,0.0,0.0,0.21,0.0
210,Bryce Duke,us USA,DF,San Diego FC,25.0,2001.0,4,1,78,0.9,0,0,0,0,0,0,1,0,0.0,0.0,0.0,0.0,0.0,0.0,0.0,0.0,1.15,0.0
211,Kyle Duncan,us USA,MFDF,Minnesota Utd,29.0,1997.0,16,14,1095,12.2,1,0,1,1,0,0,3,0,0.08,0.0,0.08,0.08,0.08,0.08,0.0,0.0,0.25,0.0
212,Chris Durkin,us USA,MF,St. Louis City,26.0,2000.0,17,17,1447,16.1,2,0,2,2,0,0,9,1,0.12,0.0,0.12,0.12,0.12,0.12,0.0,0.0,0.56,0.06
213,Jeremy Ebobisse,us USA,FW,LAFC,29.0,1997.0,10,1,210,2.3,0,0,0,0,0,0,0,0,0.0,0.0,0.0,0.0,0.0,0.0,0.0,0.0,0.0,0.0
214,Ender Echenique,ve VEN,MF,FC Cincinnati,22.0,2004.0,17,12,1078,12.0,1,5,6,1,0,0,1,0,0.08,0.42,0.5,0.08,0.5,0.08,0.0,0.0,0.08,0.0
215,Daniel Edelman,us USA,MF,St. Louis City,23.0,2003.0,18,17,1516,16.8,2,2,4,2,0,0,2,0,0.12,0.12,0.24,0.12,0.24,0.12,0.0,0.0,0.12,0.0
216,Earl Edwards Jr.,us USA,GK,SJ Earthquakes,34.0,1992.0,1,1,23,0.3,0,0,0,0,0,0,1,0,0.0,0.0,0.0,0.0,0.0,0.0,0.0,0.0,3.91,0.0
217,Matthew Edwards,us USA,DFMF,Atlanta Utd,23.0,2003.0,11,6,541,6.0,0,1,1,0,0,0,2,0,0.0,0.17,0.17,0.0,0.17,0.0,0.0,0.0,0.33,0.0
218,Raheem Edwards,ca CAN,DFMF,Toronto FC,31.0,1995.0,12,9,737,8.2,0,0,0,0,0,0,3,1,0.0,0.0,0.0,0.0,0.0,0.0,0.0,0.0,0.37,0.12
219,Wilson Eisner,us USA,DF,San Diego FC,24.0,2002.0,4,0,113,1.3,0,0,0,0,0,0,0,0,0.0,0.0,0.0,0.0,0.0,0.0,0.0,0.0,0.0,0.0
220,Troy Elgersma,,MF,LA Galaxy,,,4,0,45,0.5,1,0,1,1,0,0,0,0,2.0,0.0,2.0,2.0,2.0,2.0,0.0,0.0,0.0,0.0
221,Jack Elliott,eng ENG,DF,Chicago Fire,30.0,1995.0,16,16,1385,15.4,0,1,1,0,0,0,4,0,0.0,0.06,0.06,0.0,0.06,0.0,0.0,0.0,0.26,0.0
222,Justin Ellis,us USA,FW,Orlando City,19.0,2007.0,12,11,847,9.4,1,5,6,1,0,0,0,0,0.11,0.53,0.64,0.11,0.64,0.11,0.0,0.0,0.0,0.0
223,Rayan Elloumi,tn TUN,FW,Vancouver,18.0,2007.0,13,0,183,2.0,1,0,1,1,0,0,0,0,0.49,0.0,0.49,0.49,0.49,0.49,0.0,0.0,0.0,0.0
224,Lukas Engel,dk DEN,DF,Real Salt Lake,27.0,1998.0,11,11,912,10.1,1,0,1,1,0,0,0,0,0.1,0.0,0.1,0.1,0.1,0.1,0.0,0.0,0.0,0.0
225,Lawrence Ennali,de GER,DFMF,Houston,24.0,2002.0,19,17,1521,16.9,3,2,5,3,0,0,4,0,0.18,0.12,0.3,0.18,0.3,0.18,0.0,0.0,0.24,0.0
226,Olger Escobar,gt GUA,MFFW,CF Montréal,19.0,2006.0,17,4,350,3.9,0,0,0,0,0,0,2,0,0.0,0.0,0.0,0.0,0.0,0.0,0.0,0.0,0.51,0.0
227,Cristian Espinoza,ar ARG,MFFW,Nashville SC,31.0,1995.0,15,12,1059,11.8,3,7,10,3,0,0,1,0,0.25,0.59,0.85,0.25,0.85,0.25,0.0,0.0,0.08,0.0
228,Derrick Etienne,ht HAI,MFFW,Toronto FC,29.0,1996.0,14,8,791,8.8,2,0,2,2,0,0,0,0,0.23,0.0,0.23,0.23,0.23,0.23,0.0,0.0,0.0,0.0
229,Stephen Eustáquio,ca CAN,MF,LAFC,29.0,1996.0,10,7,601,6.7,1,1,2,1,0,0,0,0,0.15,0.15,0.3,0.15,0.3,0.15,0.0,0.0,0.0,0.0
230,Evander,br BRA,MFFW,FC Cincinnati,28.0,1998.0,18,17,1469,16.3,11,10,21,8,3,3,3,0,0.67,0.61,1.29,0.49,1.1,0.49,0.18,0.18,0.18,0.0
231,Matthew Evans,gt GUA,MF,LAFC,20.0,2006.0,1,1,55,0.6,0,1,1,0,0,0,1,0,0.0,1.64,1.64,0.0,1.64,0.0,0.0,0.0,1.64,0.0
232,Diego Fagúndez,uy URU,MF,NE Revolution,31.0,1995.0,11,1,210,2.3,0,0,0,0,0,0,0,0,0.0,0.0,0.0,0.0,0.0,0.0,0.0,0.0,0.0,0.0
233,Maximiliano Falcón,uy URU,DF,Inter Miami,29.0,1997.0,10,9,868,9.6,0,0,0,0,0,0,2,0,0.0,0.0,0.0,0.0,0.0,0.0,0.0,0.0,0.21,0.0
234,Fallou Fall,sn SEN,DF,St. Louis City,22.0,2004.0,5,2,224,2.5,1,0,1,1,0,0,1,0,0.4,0.0,0.4,0.4,0.4,0.4,0.0,0.0,0.4,0.0
235,Mamadou Fall,sn SEN,DF,St. Louis City,23.0,2002.0,3,0,35,0.4,0,0,0,0,0,0,1,0,0.0,0.0,0.0,0.0,0.0,0.0,0.0,0.0,2.57,0.0
236,Arnau Farnós,es ESP,MF,NYCFC,23.0,2003.0,8,2,159,1.8,0,0,0,0,0,0,0,0,0.0,0.0,0.0,0.0,0.0,0.0,0.0,0.0,0.0,0.0
237,Andrew Farrell,us USA,DF,NE Revolution,34.0,1992.0,1,1,90,1.0,0,0,0,0,0,0,0,0,0.0,0.0,0.0,0.0,0.0,0.0,0.0,0.0,0.0,0.0
238,Logan Farrington,us USA,FW,FC Dallas,24.0,2001.0,18,11,939,10.4,6,2,8,5,1,1,3,0,0.58,0.19,0.77,0.48,0.67,0.48,0.1,0.1,0.29,0.0
239,Mohamed Farsi,dz ALG,DFMF,Columbus Crew,26.0,1999.0,9,5,478,5.3,0,2,2,0,0,0,0,0,0.0,0.38,0.38,0.0,0.38,0.0,0.0,0.0,0.0,0.0
240,Ilay Feingold,il ISR,DF,NE Revolution,21.0,2004.0,9,8,666,7.4,1,0,1,1,0,0,1,0,0.14,0.0,0.14,0.14,0.14,0.14,0.0,0.0,0.14,0.0
241,Nick Fernandez,us USA,MF,SJ Earthquakes,24.0,2001.0,14,6,479,5.3,1,2,3,1,0,0,0,0,0.19,0.38,0.56,0.19,0.56,0.19,0.0,0.0,0.0,0.0
242,Nicolás Fernández,ar ARG,FWMF,NYCFC,26.0,2000.0,18,18,1588,17.6,13,3,16,9,4,4,6,0,0.74,0.17,0.91,0.51,0.68,0.51,0.23,0.23,0.34,0.0
243,Omir Fernandez,us USA,MF,Portland Timbers,27.0,1999.0,2,0,4,0.0,0,0,0,0,0,0,0,0,0.0,0.0,0.0,0.0,0.0,0.0,0.0,0.0,0.0,0.0
244,Duran Ferree,us USA,GK,San Diego FC,19.0,2006.0,13,12,1081,12.0,0,0,0,0,0,0,0,0,0.0,0.0,0.0,0.0,0.0,0.0,0.0,0.0,0.0,0.0
245,Jesús Ferreira,us USA,MF,Seattle Sounders,25.0,2000.0,18,15,1170,13.0,2,3,5,2,0,1,1,0,0.15,0.23,0.38,0.15,0.38,0.15,0.0,0.08,0.08,0.0
246,Dominik Fitz,at AUT,FWMF,Minnesota Utd,27.0,1999.0,1,0,8,0.1,0,0,0,0,0,0,0,0,0.0,0.0,0.0,0.0,0.0,0.0,0.0,0.0,0.0,0.0
247,Gilberto Flores,py PAR,DF,FC Cincinnati,23.0,2003.0,7,4,303,3.4,0,0,0,0,0,0,1,0,0.0,0.0,0.0,0.0,0.0,0.0,0.0,0.0,0.3,0.0
248,Max Floriani,us USA,DF,SJ Earthquakes,23.0,2003.0,2,2,159,1.8,0,0,0,0,0,0,0,0,0.0,0.0,0.0,0.0,0.0,0.0,0.0,0.0,0.0,0.0
249,CJ Fodrey,us USA,FW,Austin FC,22.0,2004.0,13,2,247,2.7,0,0,0,0,0,0,1,0,0.0,0.0,0.0,0.0,0.0,0.0,0.0,0.0,0.36,0.0
250,Mamadou Fofana,ml MLI,DF,NE Revolution,28.0,1998.0,18,18,1620,18.0,1,0,1,1,0,0,3,0,0.06,0.0,0.06,0.06,0.06,0.06,0.0,0.0,0.17,0.0
251,Emil Forsberg,se SWE,MF,RB New York,34.0,1991.0,18,17,1379,15.3,3,4,7,3,0,0,0,0,0.2,0.26,0.46,0.2,0.46,0.2,0.0,0.0,0.0,0.0
252,Ajani Fortune,tt TRI,MF,Atlanta Utd,23.0,2002.0,10,5,458,5.1,2,0,2,2,0,0,0,0,0.39,0.0,0.39,0.39,0.39,0.39,0.0,0.0,0.0,0.0
253,Jimer Fory,co COL,DF,Portland Timbers,24.0,2002.0,18,18,1517,16.9,0,1,1,0,0,0,3,1,0.0,0.06,0.06,0.0,0.06,0.0,0.0,0.0,0.18,0.06
254,Kobe Franklin,ca CAN,DFMF,Toronto FC,23.0,2003.0,15,12,1010,11.2,2,2,4,2,0,0,0,0,0.18,0.18,0.36,0.18,0.36,0.18,0.0,0.0,0.0,0.0
255,Ian Fray,jm JAM,DF,Inter Miami,23.0,2002.0,14,12,911,10.1,1,1,2,1,0,0,5,0,0.1,0.1,0.2,0.1,0.2,0.1,0.0,0.0,0.49,0.0
256,Wayne Frederick,tt TRI,MF,Colorado Rapids,22.0,2004.0,16,12,1067,11.9,2,2,4,2,0,0,1,1,0.17,0.17,0.34,0.17,0.34,0.17,0.0,0.0,0.08,0.08
257,Matt Freese,us USA,GK,NYCFC,27.0,1998.0,19,19,1710,19.0,0,0,0,0,0,0,0,0,0.0,0.0,0.0,0.0,0.0,0.0,0.0,0.0,0.0,0.0
258,Malcolm Fry,us USA,FW,NE Revolution,21.0,2005.0,4,0,46,0.5,0,0,0,0,0,0,0,0,0.0,0.0,0.0,0.0,0.0,0.0,0.0,0.0,0.0,0.0
259,Kyogo Furuhashi,jp JPN,FW,LA Galaxy,31.0,1995.0,2,1,88,1.0,0,0,0,0,0,0,0,0,0.0,0.0,0.0,0.0,0.0,0.0,0.0,0.0,0.0,0.0
260,Charlie Gaffney,us USA,DF,Seattle Sounders,23.0,2003.0,1,0,6,0.1,0,0,0,0,0,0,0,0,0.0,0.0,0.0,0.0,0.0,0.0,0.0,0.0,0.0,0.0
261,Matías Galarza,py PAR,MFFW,Atlanta Utd,24.0,2002.0,10,8,663,7.4,0,0,0,0,0,0,2,0,0.0,0.0,0.0,0.0,0.0,0.0,0.0,0.0,0.27,0.0
262,Jon Gallagher,ie IRL,DFMF,Austin FC,30.0,1996.0,19,17,1494,16.6,0,1,1,0,0,0,1,0,0.0,0.06,0.06,0.0,0.06,0.0,0.0,0.0,0.06,0.0
263,Carlos Garcés,co COL,DF,LA Galaxy,24.0,2001.0,13,9,790,8.8,0,1,1,0,0,0,5,3,0.0,0.11,0.11,0.0,0.11,0.0,0.0,0.0,0.57,0.34
264,Manu García,es ESP,MFFW,Sporting KC,28.0,1998.0,18,14,1250,13.9,2,4,6,2,0,0,3,0,0.14,0.29,0.43,0.14,0.43,0.14,0.0,0.0,0.22,0.0
265,Ryan Gauld,sct SCO,MF,Vancouver,30.0,1995.0,4,2,211,2.3,2,0,2,2,0,0,1,0,0.85,0.0,0.85,0.85,0.85,0.85,0.0,0.0,0.43,0.0
266,Luka Gavran,ca CAN,GK,Toronto FC,26.0,2000.0,19,19,1710,19.0,1,0,1,1,0,0,0,0,0.05,0.0,0.05,0.05,0.05,0.05,0.0,0.0,0.0,0.0
267,Dániel Gazdag,hu HUN,FWMF,Columbus Crew,30.0,1996.0,15,10,782,8.7,3,0,3,1,2,2,0,0,0.35,0.0,0.35,0.12,0.12,0.12,0.23,0.23,0.0,0.0
268,Owen Géne,fr FRA,MF,Minnesota Utd,23.0,2003.0,18,12,1041,11.6,0,0,0,0,0,0,1,0,0.0,0.0,0.0,0.0,0.0,0.0,0.0,0.0,0.09,0.0
269,Joran Gerbet,fr FRA,MF,Orlando City,25.0,2001.0,1,1,45,0.5,0,0,0,0,0,0,0,0,0.0,0.0,0.0,0.0,0.0,0.0,0.0,0.0,0.0,0.0
270,Mihail Gherasimencov,md MDA,DF,Vancouver,21.0,2005.0,7,2,297,3.3,0,0,0,0,0,0,0,0,0.0,0.0,0.0,0.0,0.0,0.0,0.0,0.0,0.0,0.0
271,Laurtaro Giaccone,ar ARG,MF,Columbus Crew,25.0,2001.0,2,1,64,0.7,0,0,0,0,0,0,0,0,0.0,0.0,0.0,0.0,0.0,0.0,0.0,0.0,0.0,0.0
272,Samuel Gidi,sk SVK,MFDF,FC Cincinnati,22.0,2004.0,18,16,1380,15.3,0,1,1,0,0,0,2,0,0.0,0.07,0.07,0.0,0.07,0.0,0.0,0.0,0.13,0.0
273,Carles Gil,es ESP,MF,NE Revolution,33.0,1992.0,19,19,1701,18.9,7,3,10,3,4,4,2,0,0.37,0.16,0.53,0.16,0.32,0.16,0.21,0.21,0.11,0.0
274,Adrian Gill,us USA,MF,Atlanta Utd,20.0,2006.0,1,1,90,1.0,0,0,0,0,0,0,0,0,0.0,0.0,0.0,0.0,0.0,0.0,0.0,0.0,0.0,0.0
275,Thomas Gillier,cl CHI,GK,CF Montréal,22.0,2004.0,16,16,1440,16.0,0,0,0,0,0,0,3,0,0.0,0.0,0.0,0.0,0.0,0.0,0.0,0.0,0.19,0.0
276,Jackson Gilman,us USA,DF,Toronto FC,22.0,2004.0,7,7,625,6.9,0,0,0,0,0,0,1,0,0.0,0.0,0.0,0.0,0.0,0.0,0.0,0.0,0.14,0.0
277,Justen Glad,us USA,DF,Real Salt Lake,29.0,1997.0,12,12,1050,11.7,0,1,1,0,0,0,0,0,0.0,0.09,0.09,0.0,0.09,0.0,0.0,0.0,0.0,0.0
278,Jakob Glesnes,no NOR,DF,LA Galaxy,32.0,1994.0,13,13,1125,12.5,0,0,0,0,0,0,6,0,0.0,0.0,0.0,0.0,0.0,0.0,0.0,0.0,0.48,0.0
279,Aníbal Godoy,pa PAN,MF,San Diego FC,36.0,1990.0,18,12,981,10.9,0,1,1,0,0,0,3,0,0.0,0.09,0.09,0.0,0.09,0.0,0.0,0.0,0.28,0.0
280,André Gomes,pt POR,MF,Columbus Crew,33.0,1993.0,12,10,856,9.5,0,0,0,0,0,0,2,0,0.0,0.0,0.0,0.0,0.0,0.0,0.0,0.0,0.21,0.0
281,Yeimar Gómez Andrade,co COL,DF,Seattle Sounders,34.0,1992.0,3,3,169,1.9,0,0,0,0,0,0,0,0,0.0,0.0,0.0,0.0,0.0,0.0,0.0,0.0,0.0,0.0
282,Ignacio Gómez,ar ARG,MF,Orlando City,20.0,2006.0,2,0,14,0.2,1,0,1,1,0,0,1,0,6.43,0.0,6.43,6.43,6.43,6.43,0.0,0.0,6.43,0.0
283,Sebastian Gomez,us USA,MF,Seattle Sounders,20.0,2006.0,5,0,129,1.4,0,0,0,0,0,0,1,0,0.0,0.0,0.0,0.0,0.0,0.0,0.0,0.0,0.7,0.0
284,Nicksoen Gomis,fr FRA,DF,Toronto FC,24.0,2002.0,2,1,78,0.9,0,0,0,0,0,0,0,0,0.0,0.0,0.0,0.0,0.0,0.0,0.0,0.0,0.0,0.0
285,Jonathan González,mx MEX,MF,SJ Earthquakes,27.0,1999.0,10,3,195,2.2,0,0,0,0,0,0,1,0,0.0,0.0,0.0,0.0,0.0,0.0,0.0,0.0,0.46,0.0
286,Mauricio Gonzalez,,MF,Minnesota Utd,,,9,0,123,1.4,1,0,1,1,0,0,0,0,0.73,0.0,0.73,0.73,0.73,0.73,0.0,0.0,0.0,0.0
287,Archie Goodwin,au AUS,FW,Charlotte,21.0,2004.0,17,2,292,3.2,3,0,3,2,1,1,1,0,0.92,0.0,0.92,0.62,0.62,0.62,0.31,0.31,0.31,0.0
288,Zavier Gozo,us USA,MFFW,Real Salt Lake,19.0,2007.0,16,16,1415,15.7,6,4,10,6,0,0,4,0,0.38,0.25,0.64,0.38,0.64,0.38,0.0,0.0,0.25,0.0
289,Owen Graham Roache,ca CAN,FW,CF Montréal,18.0,2008.0,1,0,14,0.2,0,0,0,0,0,0,0,0,0.0,0.0,0.0,0.0,0.0,0.0,0.0,0.0,0.0,0.0
290,Tayvon Gray,jm JAM,DF,NYCFC,23.0,2002.0,18,18,1573,17.5,1,1,2,1,0,0,6,1,0.06,0.06,0.11,0.06,0.11,0.06,0.0,0.0,0.34,0.06
291,Julian Gressel,us USA,DFMF,Minnesota Utd,32.0,1993.0,4,0,58,0.6,0,0,0,0,0,0,1,0,0.0,0.0,0.0,0.0,0.0,0.0,0.0,0.0,1.55,0.0
292,Antoine Griezmann,fr FRA,MFFW,Orlando City,35.0,1991.0,4,4,360,4.0,1,1,2,1,0,0,0,0,0.25,0.25,0.5,0.25,0.5,0.25,0.0,0.0,0.0,0.0
293,Yuri Guboglo,ht HAI,DF,CF Montréal,19.0,2007.0,1,1,62,0.7,0,0,0,0,0,0,0,0,0.0,0.0,0.0,0.0,0.0,0.0,0.0,0.0,0.0,0.0
294,Gage Guerra,us USA,FW,Portland Timbers,23.0,2002.0,6,3,279,3.1,1,1,2,1,0,0,0,0,0.32,0.32,0.65,0.32,0.65,0.32,0.0,0.0,0.0,0.0
295,Morgan Guilavogui,gn GUI,MFFW,Real Salt Lake,28.0,1998.0,14,11,939,10.4,1,4,5,1,0,0,4,1,0.1,0.38,0.48,0.1,0.48,0.1,0.0,0.0,0.38,0.1
296,Guilherme,br BRA,MFFW,Houston,31.0,1995.0,19,18,1600,17.8,12,5,17,11,1,1,2,0,0.68,0.28,0.96,0.62,0.9,0.62,0.06,0.06,0.11,0.0
297,Angus Gunn,sct SCO,GK,SJ Earthquakes,30.0,1996.0,4,4,360,4.0,0,0,0,0,0,0,0,0,0.0,0.0,0.0,0.0,0.0,0.0,0.0,0.0,0.0,0.0
298,Colin Guske,us USA,MF,Orlando City,19.0,2007.0,6,2,285,3.2,0,0,0,0,0,0,2,1,0.0,0.0,0.0,0.0,0.0,0.0,0.0,0.0,0.63,0.32
299,Raul Gustavo,br BRA,DF,NYCFC,27.0,1999.0,15,10,966,10.7,0,0,0,0,0,0,3,0,0.0,0.0,0.0,0.0,0.0,0.0,0.0,0.0,0.28,0.0
300,Andrew Gutman,us USA,DF,Chicago Fire,29.0,1996.0,14,12,1075,11.9,1,3,4,1,0,0,3,0,0.08,0.25,0.33,0.08,0.33,0.08,0.0,0.0,0.25,0.0
301,Justin Haak,us USA,DFMF,LA Galaxy,24.0,2001.0,19,17,1543,17.1,0,1,1,0,0,0,2,0,0.0,0.06,0.06,0.0,0.06,0.0,0.0,0.0,0.12,0.0
302,Taha Habroune,us USA,MFFW,Columbus Crew,20.0,2006.0,18,15,1283,14.3,1,2,3,1,0,0,3,0,0.07,0.14,0.21,0.07,0.21,0.07,0.0,0.0,0.21,0.0
303,Teenage Hadebe,zw ZIM,DF,FC Cincinnati,30.0,1995.0,10,3,296,3.3,0,0,0,0,0,0,1,0,0.0,0.0,0.0,0.0,0.0,0.0,0.0,0.0,0.3,0.0
304,Nick Hagglund,us USA,DF,FC Cincinnati,33.0,1992.0,13,9,857,9.5,1,0,1,1,0,0,1,0,0.11,0.0,0.11,0.11,0.11,0.11,0.0,0.0,0.11,0.0
305,Maren Haile-Selassie,ch SUI,MFFW,Chicago Fire,27.0,1999.0,18,14,1272,14.1,3,4,7,3,0,0,1,0,0.21,0.28,0.5,0.21,0.5,0.21,0.0,0.0,0.07,0.0
306,Julian Hall,us USA,FW,RB New York,18.0,2008.0,19,19,1641,18.2,9,3,12,9,0,0,0,0,0.49,0.16,0.66,0.49,0.66,0.49,0.0,0.0,0.0,0.0
307,Lucas Halter,br BRA,DF,Houston,26.0,2000.0,8,8,663,7.4,0,0,0,0,0,0,3,0,0.0,0.0,0.0,0.0,0.0,0.0,0.0,0.0,0.41,0.0
308,Nicholas Hansen,dk DEN,GK,Colorado Rapids,25.0,2001.0,10,10,900,10.0,0,0,0,0,0,0,0,0,0.0,0.0,0.0,0.0,0.0,0.0,0.0,0.0,0.0,0.0
309,Ian Harkes,us USA,MF,SJ Earthquakes,31.0,1995.0,18,3,655,7.3,0,0,0,0,0,0,2,0,0.0,0.0,0.0,0.0,0.0,0.0,0.0,0.0,0.27,0.0
310,Cameron Harper,us USA,DFMF,RB New York,24.0,2001.0,3,0,30,0.3,0,0,0,0,0,0,0,0,0.0,0.0,0.0,0.0,0.0,0.0,0.0,0.0,0.0,0.0
311,Nathan Harriel,us USA,DF,Philadelphia,25.0,2001.0,19,19,1690,18.8,1,1,2,1,0,0,4,0,0.05,0.05,0.11,0.05,0.11,0.05,0.0,0.0,0.21,0.0
312,Alex Harris,us USA,FW,Colorado Rapids,21.0,2005.0,5,1,101,1.1,0,0,0,0,0,0,0,0,0.0,0.0,0.0,0.0,0.0,0.0,0.0,0.0,0.0,0.0
313,Calvin Harris,eng ENG,FWMF,Sporting KC,26.0,2000.0,19,17,1455,16.2,2,3,5,2,0,0,2,0,0.12,0.19,0.31,0.12,0.31,0.12,0.0,0.0,0.12,0.0
314,Wilson Harris,us USA,FW,NE Revolution,26.0,1999.0,5,0,81,0.9,1,0,1,1,0,0,1,0,1.11,0.0,1.11,1.11,1.11,1.11,0.0,0.0,1.11,0.0
315,Jack Harrison,eng ENG,FW,NE Revolution,29.0,1996.0,2,1,127,1.4,0,1,1,0,0,0,0,0,0.0,0.71,0.71,0.0,0.71,0.0,0.0,0.0,0.0,0.0
316,Marcel Hartel,de GER,MFFW,St. Louis City,30.0,1996.0,16,15,1370,15.2,6,3,9,6,0,0,0,0,0.39,0.2,0.59,0.39,0.59,0.39,0.0,0.0,0.0,0.0
317,Carlos Harvey,pa PAN,DF,Minnesota Utd,26.0,2000.0,6,1,154,1.7,0,0,0,0,0,0,0,0,0.0,0.0,0.0,0.0,0.0,0.0,0.0,0.0,0.0,0.0
318,Thomas Hasal,ca CAN,GK,LAFC,27.0,1999.0,3,3,209,2.3,0,0,0,0,0,0,0,0,0.0,0.0,0.0,0.0,0.0,0.0,0.0,0.0,0.0,0.0
319,Stuart Hawkins,us USA,DF,Seattle Sounders,19.0,2006.0,4,3,277,3.1,0,0,0,0,0,0,0,0,0.0,0.0,0.0,0.0,0.0,0.0,0.0,0.0,0.0,0.0
320,Silvan Hefti,ch SUI,DF,D.C. United,28.0,1997.0,18,18,1576,17.5,1,2,3,1,0,0,5,1,0.06,0.11,0.17,0.06,0.17,0.06,0.0,0.0,0.29,0.06
321,Malik Henry,ca CAN,MF,Toronto FC,24.0,2002.0,15,5,549,6.1,0,0,0,0,0,0,3,0,0.0,0.0,0.0,0.0,0.0,0.0,0.0,0.0,0.49,0.0
322,Fabian Herbers,de GER,MF,CF Montréal,33.0,1993.0,9,2,292,3.2,0,0,0,0,0,0,0,0,0.0,0.0,0.0,0.0,0.0,0.0,0.0,0.0,0.0,0.0
323,Ronald Hernández,ve VEN,DF,Atlanta Utd,28.0,1997.0,6,2,214,2.4,0,0,0,0,0,0,1,0,0.0,0.0,0.0,0.0,0.0,0.0,0.0,0.0,0.42,0.0
324,Aaron Herrera,gt GUA,MF,D.C. United,29.0,1997.0,7,4,387,4.3,0,0,0,0,0,0,1,0,0.0,0.0,0.0,0.0,0.0,0.0,0.0,0.0,0.23,0.0
325,Héctor Herrera,mx MEX,MF,Houston,36.0,1990.0,18,10,988,11.0,2,0,2,2,0,0,1,0,0.18,0.0,0.18,0.18,0.18,0.18,0.0,0.0,0.09,0.0
326,Marcelo Herrera,ar ARG,DFMF,Columbus Crew,27.0,1998.0,14,9,878,9.8,0,1,1,0,0,0,2,0,0.0,0.1,0.1,0.0,0.1,0.0,0.0,0.0,0.21,0.0
327,Lucas Herrington,au AUS,DF,Colorado Rapids,18.0,2007.0,18,17,1531,17.0,1,1,2,1,0,0,4,0,0.06,0.06,0.12,0.06,0.12,0.06,0.0,0.0,0.24,0.0
328,Son Heung-min,kr KOR,FWMF,LAFC,34.0,1992.0,18,17,1452,16.1,4,8,12,4,0,0,2,0,0.25,0.5,0.74,0.25,0.74,0.25,0.0,0.0,0.12,0.0
329,Aiden Hezarkhani,us USA,MFFW,Real Salt Lake,19.0,2007.0,15,8,563,6.3,2,0,2,2,0,0,1,0,0.32,0.0,0.32,0.32,0.32,0.32,0.0,0.0,0.16,0.0
330,Bode Hidalgo,us USA,DF,CF Montréal,24.0,2002.0,4,2,255,2.8,0,0,0,0,0,0,0,0,0.0,0.0,0.0,0.0,0.0,0.0,0.0,0.0,0.0,0.0
331,Brendan Hines-Ike,us USA,DF,Austin FC,31.0,1994.0,14,14,1184,13.2,1,0,1,1,0,0,2,0,0.08,0.0,0.08,0.08,0.08,0.08,0.0,0.0,0.15,0.0
332,Bongokuhle Hlongwane,za RSA,MF,Minnesota Utd,26.0,2000.0,14,4,507,5.6,0,0,0,0,0,0,1,0,0.0,0.0,0.0,0.0,0.0,0.0,0.0,0.0,0.18,0.0
333,Rob Holding,eng ENG,DF,Colorado Rapids,30.0,1995.0,16,15,1165,12.9,0,0,0,0,0,0,1,2,0.0,0.0,0.0,0.0,0.0,0.0,0.0,0.0,0.08,0.15
334,Ryan Hollingshead,us USA,DFMF,LAFC,35.0,1991.0,16,11,1028,11.4,1,0,1,1,0,0,2,0,0.09,0.0,0.09,0.09,0.09,0.09,0.0,0.0,0.18,0.0
335,Duane Holmes,us USA,MFDF,Houston,31.0,1994.0,11,7,552,6.1,0,0,0,0,0,0,2,0,0.0,0.0,0.0,0.0,0.0,0.0,0.0,0.0,0.33,0.0
336,Carlo Holse,dk DEN,FWMF,St. Louis City,27.0,1999.0,1,0,22,0.2,0,0,0,0,0,0,0,0,0.0,0.0,0.0,0.0,0.0,0.0,0.0,0.0,0.0,0.0
337,Clay Holstad,us USA,MF,FC Dallas,26.0,2000.0,2,0,18,0.2,0,0,0,0,0,0,0,0,0.0,0.0,0.0,0.0,0.0,0.0,0.0,0.0,0.0,0.0
338,Jackson Hopkins,us USA,MFFW,D.C. United,22.0,2004.0,19,17,1319,14.7,2,1,3,2,0,0,4,0,0.14,0.07,0.2,0.14,0.2,0.14,0.0,0.0,0.27,0.0
339,Ethan Horvath,us USA,GK,RB New York,31.0,1995.0,19,19,1710,19.0,0,0,0,0,0,0,0,0,0.0,0.0,0.0,0.0,0.0,0.0,0.0,0.0,0.0,0.0
340,Lucas Hoyos,ar ARG,GK,Atlanta Utd,37.0,1989.0,19,19,1710,19.0,0,0,0,0,0,0,3,0,0.0,0.0,0.0,0.0,0.0,0.0,0.0,0.0,0.16,0.0
341,Keegan Hughes,us USA,DF,NE Revolution,26.0,2000.0,1,1,81,0.9,0,0,0,0,0,0,0,0,0.0,0.0,0.0,0.0,0.0,0.0,0.0,0.0,0.0,0.0
342,Iago,br BRA,DF,Orlando City,21.0,2005.0,14,11,1028,11.4,0,0,0,0,0,0,4,0,0.0,0.0,0.0,0.0,0.0,0.0,0.0,0.0,0.35,0.0
343,Sebastien Ibeagha,us USA,DF,FC Dallas,34.0,1992.0,19,13,1154,12.8,0,1,1,0,0,0,2,0,0.0,0.08,0.08,0.0,0.08,0.0,0.0,0.0,0.16,0.0
344,Aliyu Ibrahim,ng NGA,MF,Houston,24.0,2002.0,13,2,271,3.0,1,0,1,1,0,0,2,1,0.33,0.0,0.33,0.33,0.33,0.33,0.0,0.0,0.66,0.33
345,Mitja Ilenič,si SVN,DF,NYCFC,21.0,2004.0,2,0,6,0.1,0,0,0,0,0,0,0,0,0.0,0.0,0.0,0.0,0.0,0.0,0.0,0.0,0.0,0.0
346,Milan Iloski,us USA,FWMF,Philadelphia,27.0,1999.0,19,19,1553,17.3,10,1,11,8,2,3,3,0,0.58,0.06,0.64,0.46,0.52,0.46,0.12,0.17,0.17,0.0
347,Marcus Ingvartsen,dk DEN,FW,San Diego FC,30.0,1996.0,19,17,1436,16.0,11,2,13,10,1,1,1,0,0.69,0.13,0.81,0.63,0.75,0.63,0.06,0.06,0.06,0.0
348,Eric Izoita,us USA,MF,Portland Timbers,18.0,2007.0,1,1,90,1.0,1,0,1,1,0,0,0,0,1.0,0.0,1.0,1.0,1.0,1.0,0.0,0.0,0.0,0.0
349,Ayoub Jabbari,ma MAR,FW,FC Cincinnati,26.0,2000.0,17,4,403,4.5,2,2,4,2,0,0,1,0,0.45,0.45,0.89,0.45,0.89,0.45,0.0,0.0,0.22,0.0
350,Aziel Jackson,us USA,MF,Vancouver,24.0,2001.0,10,7,526,5.8,1,1,2,1,0,0,0,0,0.17,0.17,0.34,0.17,0.34,0.17,0.0,0.0,0.0,0.0
351,Tomás Jacob,ar ARG,DFMF,Atlanta Utd,22.0,2004.0,16,16,1388,15.4,1,1,2,1,0,0,6,0,0.06,0.06,0.13,0.06,0.13,0.06,0.0,0.0,0.39,0.0
352,Ivan Jaime Pajuelo,es ESP,MFFW,CF Montréal,25.0,2000.0,12,10,826,9.2,1,1,2,1,0,0,1,0,0.11,0.11,0.22,0.11,0.22,0.11,0.0,0.0,0.11,0.0
353,Malik Jakupović,us USA,FW,Philadelphia,17.0,2009.0,4,0,64,0.7,0,0,0,0,0,0,0,0,0.0,0.0,0.0,0.0,0.0,0.0,0.0,0.0,0.0,0.0
354,Ian James,us USA,DF,Sporting KC,18.0,2008.0,12,9,842,9.4,0,0,0,0,0,0,0,0,0.0,0.0,0.0,0.0,0.0,0.0,0.0,0.0,0.0,0.0
355,Vincent Janssen,nl NED,FW,Portland Timbers,32.0,1994.0,1,0,15,0.2,0,0,0,0,0,0,1,0,0.0,0.0,0.0,0.0,0.0,0.0,0.0,0.0,6.0,0.0
356,Robin Jansson,se SWE,DF,Orlando City,34.0,1991.0,13,13,1112,12.4,0,0,0,0,0,0,2,0,0.0,0.0,0.0,0.0,0.0,0.0,0.0,0.0,0.16,0.0
357,Jack Jasinski,us USA,DF,SJ Earthquakes,22.0,2003.0,9,4,438,4.9,1,0,1,1,0,0,1,0,0.21,0.0,0.21,0.21,0.21,0.21,0.0,0.0,0.21,0.0
358,Danley Jean-Jacques,ht HAI,MF,Philadelphia,26.0,2000.0,18,17,1499,16.7,3,0,3,3,0,0,5,0,0.18,0.0,0.18,0.18,0.18,0.18,0.0,0.0,0.3,0.0
359,Mijahir Jiménez,pa PAN,FW,RB New York,19.0,2007.0,3,2,160,1.8,2,0,2,2,0,0,0,0,1.13,0.0,1.13,1.13,1.13,1.12,0.0,0.0,0.0,0.0
360,Stiven Jimenez,us USA,MF,FC Cincinnati,19.0,2007.0,1,0,3,0.0,0,0,0,0,0,0,0,0,0.0,0.0,0.0,0.0,0.0,0.0,0.0,0.0,0.0,0.0
361,Julio Joao Ortíz,ec ECU,MF,Portland Timbers,30.0,1996.0,11,4,474,5.3,0,1,1,0,0,0,0,0,0.0,0.19,0.19,0.0,0.19,0.0,0.0,0.0,0.0,0.0
362,Herman Johansson,se SWE,MFDF,FC Dallas,28.0,1997.0,17,14,1247,13.9,0,2,2,0,0,0,3,0,0.0,0.14,0.14,0.0,0.14,0.0,0.0,0.0,0.22,0.0
363,Aron John,us USA,MF,Charlotte,20.0,2006.0,1,0,1,0.0,0,0,0,0,0,0,0,0,0.0,0.0,0.0,0.0,0.0,0.0,0.0,0.0,0.0,0.0
364,Darius Johnson,gd GRN,MF,SJ Earthquakes,26.0,2000.0,3,0,63,0.7,0,0,0,0,0,0,0,0,0.0,0.0,0.0,0.0,0.0,0.0,0.0,0.0,0.0,0.0
365,Sean Johnson,us USA,GK,D.C. United,37.0,1989.0,19,19,1710,19.0,0,0,0,0,0,0,0,0,0.0,0.0,0.0,0.0,0.0,0.0,0.0,0.0,0.0,0.0
366,Tate Johnson,us USA,DF,Vancouver,21.0,2005.0,16,15,1329,14.8,0,0,0,0,0,0,1,0,0.0,0.0,0.0,0.0,0.0,0.0,0.0,0.0,0.07,0.0
367,DeJuan Jones,us USA,DF,SJ Earthquakes,29.0,1997.0,5,5,359,4.0,0,0,0,0,0,0,2,0,0.0,0.0,0.0,0.0,0.0,0.0,0.0,0.0,0.5,0.0
368,Malachi Jones,sl SLE,MF,NYCFC,22.0,2003.0,10,4,396,4.4,1,0,1,1,0,0,2,0,0.23,0.0,0.23,0.23,0.23,0.23,0.0,0.0,0.45,0.0
369,Luka Jovanović,au AUS,FW,SJ Earthquakes,21.0,2005.0,1,0,45,0.5,0,0,0,0,0,0,0,0,0.0,0.0,0.0,0.0,0.0,0.0,0.0,0.0,0.0,0.0
370,Dejan Joveljić,rs SRB,FW,Sporting KC,27.0,1999.0,19,19,1665,18.5,8,1,9,8,0,0,1,0,0.43,0.05,0.49,0.43,0.49,0.43,0.0,0.0,0.05,0.0
371,Mykhi Joyner,us USA,MF,St. Louis City,19.0,2006.0,4,1,91,1.0,0,0,0,0,0,0,0,0,0.0,0.0,0.0,0.0,0.0,0.0,0.0,0.0,0.0,0.0
372,Preston Judd,us USA,FW,SJ Earthquakes,27.0,1999.0,18,17,1453,16.1,11,3,14,11,0,0,5,0,0.68,0.19,0.87,0.68,0.87,0.68,0.0,0.0,0.31,0.0
373,Anderson Julio,ec ECU,FWMF,FC Dallas,30.0,1996.0,4,0,84,0.9,0,0,0,0,0,0,1,0,0.0,0.0,0.0,0.0,0.0,0.0,0.0,0.0,1.07,0.0
374,Sam Junqua,us USA,DF,Real Salt Lake,29.0,1996.0,14,7,770,8.6,0,0,0,0,0,0,2,0,0.0,0.0,0.0,0.0,0.0,0.0,0.0,0.0,0.23,0.0
375,Kristijan Kahlina,hr CRO,GK,Charlotte,34.0,1992.0,19,19,1710,19.0,0,0,0,0,0,0,2,0,0.0,0.0,0.0,0.0,0.0,0.0,0.0,0.0,0.11,0.0
376,Kaick,br BRA,MF,FC Dallas,20.0,2005.0,19,15,1396,15.5,1,1,2,1,0,0,3,0,0.06,0.06,0.13,0.06,0.13,0.06,0.0,0.0,0.19,0.0
377,Bernard Kamungo,us USA,MFDF,FC Dallas,24.0,2002.0,10,8,765,8.5,0,1,1,0,0,0,2,0,0.0,0.12,0.12,0.0,0.12,0.0,0.0,0.0,0.24,0.0
378,Emir Karic,ba BIH,DF,Sporting KC,29.0,1997.0,5,4,393,4.4,0,0,0,0,0,0,0,0,0.0,0.0,0.0,0.0,0.0,0.0,0.0,0.0,0.0,0.0
379,Tarun Karumanchi,us USA,MF,Columbus Crew,23.0,2003.0,3,2,129,1.4,0,0,0,0,0,0,0,0,0.0,0.0,0.0,0.0,0.0,0.0,0.0,0.0,0.0,0.0
380,Alexandros Katranis,gr GRE,MFDF,Real Salt Lake,28.0,1998.0,7,4,347,3.9,0,0,0,0,0,0,1,0,0.0,0.0,0.0,0.0,0.0,0.0,0.0,0.0,0.26,0.0
381,Kim Kee-hee,kr KOR,DF,Seattle Sounders,37.0,1989.0,3,2,152,1.7,0,0,0,0,0,0,0,0,0.0,0.0,0.0,0.0,0.0,0.0,0.0,0.0,0.0,0.0
382,Kevin Kelsy,ve VEN,FW,Portland Timbers,22.0,2004.0,18,13,1077,12.0,9,2,11,9,0,0,2,0,0.75,0.17,0.92,0.75,0.92,0.75,0.0,0.0,0.17,0.0
383,Deandre Kerr,ca CAN,MFFW,Toronto FC,23.0,2002.0,10,5,448,5.0,0,0,0,0,0,0,0,0,0.0,0.0,0.0,0.0,0.0,0.0,0.0,0.0,0.0,0.0
384,Henry Kessler,us USA,DF,Charlotte,28.0,1998.0,3,3,270,3.0,0,0,0,0,0,0,1,0,0.0,0.0,0.0,0.0,0.0,0.0,0.0,0.0,0.33,0.0
385,Hosei Kijima,jp JPN,MF,D.C. United,24.0,2002.0,6,1,105,1.2,0,0,0,0,0,0,0,0,0.0,0.0,0.0,0.0,0.0,0.0,0.0,0.0,0.0,0.0
386,Benjamin Kikanovic,us USA,DF,SJ Earthquakes,26.0,2000.0,16,16,1324,14.7,0,0,0,0,0,0,5,0,0.0,0.0,0.0,0.0,0.0,0.0,0.0,0.0,0.34,0.0
387,Peter Kingston,us USA,MFDF,Seattle Sounders,25.0,2001.0,14,5,502,5.6,0,0,0,0,0,0,4,0,0.0,0.0,0.0,0.0,0.0,0.0,0.0,0.0,0.72,0.0
388,Klauss,br BRA,FW,LA Galaxy,29.0,1997.0,8,7,546,6.1,5,0,5,5,0,0,0,0,0.82,0.0,0.82,0.82,0.82,0.82,0.0,0.0,0.0,0.0
389,Eric Klein,us USA,MF,NE Revolution,19.0,2006.0,5,0,22,0.2,0,0,0,0,0,0,0,0,0.0,0.0,0.0,0.0,0.0,0.0,0.0,0.0,0.0,0.0
390,Jordan Knight,ca CAN,DF,Nashville SC,24.0,2002.0,4,0,36,0.4,0,0,0,0,0,0,0,0,0.0,0.0,0.0,0.0,0.0,0.0,0.0,0.0,0.0,0.0
391,Ethan Kohler,us USA,DF,NE Revolution,21.0,2005.0,15,14,1257,14.0,0,0,0,0,0,0,1,0,0.0,0.0,0.0,0.0,0.0,0.0,0.0,0.0,0.07,0.0
392,Žan Kolmanič,si SVN,DF,Austin FC,26.0,2000.0,9,2,301,3.3,0,0,0,0,0,0,0,0,0.0,0.0,0.0,0.0,0.0,0.0,0.0,0.0,0.0,0.0
393,Stas Korzeniowski,us USA,FW,Philadelphia,23.0,2003.0,6,1,140,1.6,0,1,1,0,0,0,0,0,0.0,0.64,0.64,0.0,0.64,0.0,0.0,0.0,0.0,0.0
394,Arif Kovac,us USA,FW,Atlanta Utd,19.0,2006.0,1,0,7,0.1,0,0,0,0,0,0,0,0,0.0,0.0,0.0,0.0,0.0,0.0,0.0,0.0,0.0,0.0
395,Theodore Ku-Dipietro,us USA,FWMF,Colorado Rapids,24.0,2002.0,4,0,95,1.1,0,0,0,0,0,0,0,0,0.0,0.0,0.0,0.0,0.0,0.0,0.0,0.0,0.0,0.0
396,Willy Kumado,gh GHA,MF,San Diego FC,23.0,2002.0,2,0,24,0.3,0,0,0,0,0,0,0,0,0.0,0.0,0.0,0.0,0.0,0.0,0.0,0.0,0.0,0.0
397,Keisuke Kurokawa,jp JPN,DF,D.C. United,29.0,1997.0,19,19,1697,18.9,0,3,3,0,0,0,4,0,0.0,0.16,0.16,0.0,0.16,0.0,0.0,0.0,0.21,0.0
398,Benjamín Kuscevic,cl CHI,DF,Toronto FC,30.0,1996.0,7,7,559,6.2,0,0,0,0,0,0,2,0,0.0,0.0,0.0,0.0,0.0,0.0,0.0,0.0,0.32,0.0
399,Ezekiel Kwame Alladoh,gh GHA,FW,Philadelphia,20.0,2005.0,16,5,613,6.8,1,1,2,1,0,0,1,1,0.15,0.15,0.29,0.15,0.29,0.15,0.0,0.0,0.15,0.15
400,Luca de la Torre,us USA,MF,Charlotte,28.0,1998.0,15,8,676,7.5,0,1,1,0,0,0,0,0,0.0,0.13,0.13,0.0,0.13,0.0,0.0,0.0,0.0,0.0
401,Mathías Laborda,uy URU,DF,Vancouver,26.0,1999.0,17,16,1462,16.2,3,2,5,3,0,0,2,0,0.18,0.12,0.31,0.18,0.31,0.18,0.0,0.0,0.12,0.0
402,Ayoub Lajhar,,DF,FC Cincinnati,22.0,2004.0,4,0,23,0.3,0,0,0,0,0,0,1,0,0.0,0.0,0.0,0.0,0.0,0.0,0.0,0.0,3.91,0.0
403,Luca Langoni,ar ARG,MFFW,NE Revolution,24.0,2002.0,15,10,882,9.8,3,6,9,3,0,0,1,0,0.31,0.61,0.92,0.31,0.92,0.31,0.0,0.0,0.1,0.0
404,Oliver Larraz,us USA,MF,Vancouver,24.0,2001.0,13,6,515,5.7,0,2,2,0,0,0,3,0,0.0,0.35,0.35,0.0,0.35,0.0,0.0,0.0,0.52,0.0
405,Richie Laryea,ca CAN,DFMF,Toronto FC,31.0,1995.0,14,14,1260,14.0,2,1,3,2,0,0,3,0,0.14,0.07,0.21,0.14,0.21,0.14,0.0,0.0,0.21,0.0
406,Ariel Lassiter,cr CRC,MFFW,Portland Timbers,31.0,1994.0,14,5,460,5.1,2,2,4,2,0,0,1,0,0.39,0.39,0.78,0.39,0.78,0.39,0.0,0.0,0.2,0.0
407,Emmanuel Latte Lath,ci CIV,FW,Atlanta Utd,27.0,1999.0,14,10,907,10.1,2,2,4,2,0,0,2,0,0.2,0.2,0.4,0.2,0.4,0.2,0.0,0.0,0.2,0.0
408,Brooks Lennon,us USA,DF,Columbus Crew,28.0,1997.0,2,1,95,1.1,0,0,0,0,0,0,0,0,0.0,0.0,0.0,0.0,0.0,0.0,0.0,0.0,0.0,0.0
409,Beau Leroux,us USA,MF,SJ Earthquakes,22.0,2003.0,18,17,1431,15.9,3,3,6,3,0,1,3,0,0.19,0.19,0.38,0.19,0.38,0.19,0.0,0.06,0.19,0.0
410,Robert Lewandowski,pl POL,FW,Chicago Fire,37.0,1988.0,4,3,255,2.8,2,0,2,2,0,0,1,0,0.71,0.0,0.71,0.71,0.71,0.71,0.0,0.0,0.35,0.0
411,Ondřej Lingr,cz CZE,FWMF,Houston,27.0,1998.0,17,4,421,4.7,0,1,1,0,0,0,0,1,0.0,0.21,0.21,0.0,0.21,0.0,0.0,0.0,0.0,0.21
412,Hugo Lloris,fr FRA,GK,LAFC,39.0,1986.0,17,17,1530,17.0,0,0,0,0,0,0,0,0,0.0,0.0,0.0,0.0,0.0,0.0,0.0,0.0,0.0,0.0
413,Saba Lobzhanidze,ge GEO,FWMF,Atlanta Utd,31.0,1994.0,13,8,630,7.0,2,0,2,2,0,0,0,0,0.29,0.0,0.29,0.29,0.29,0.29,0.0,0.0,0.0,0.0
414,Saba Lobzhanidze,ge GEO,FWMF,Real Salt Lake,31.0,1994.0,4,0,106,1.2,0,2,2,0,0,0,0,0,0.0,1.7,1.7,0.0,1.7,0.0,0.0,0.0,0.0,0.0
415,Robin Lod,fi FIN,MFFW,Chicago Fire,33.0,1993.0,17,13,1132,12.6,4,1,5,4,0,0,2,0,0.32,0.08,0.4,0.32,0.4,0.32,0.0,0.0,0.16,0.0
416,Aaron Long,us USA,DF,LAFC,33.0,1992.0,7,7,532,5.9,0,0,0,0,0,0,1,0,0.0,0.0,0.0,0.0,0.0,0.0,0.0,0.0,0.17,0.0
417,Matthew Longstaff,eng ENG,MF,CF Montréal,26.0,2000.0,19,17,1469,16.3,2,3,5,2,0,0,4,0,0.12,0.18,0.31,0.12,0.31,0.12,0.0,0.0,0.25,0.0
418,Antino Lopez,us USA,DF,Seattle Sounders,24.0,2002.0,11,7,655,7.3,0,0,0,0,0,0,1,0,0.0,0.0,0.0,0.0,0.0,0.0,0.0,0.0,0.14,0.0
419,Victor Loturi,ca CAN,MF,CF Montréal,25.0,2001.0,19,18,1553,17.3,1,1,2,1,0,0,3,0,0.06,0.06,0.12,0.06,0.12,0.06,0.0,0.0,0.17,0.0
420,Ricardo Louis,ht HAI,MF,FC Dallas,21.0,2004.0,1,0,18,0.2,0,0,0,0,0,0,0,0,0.0,0.0,0.0,0.0,0.0,0.0,0.0,0.0,0.0,0.0
421,Evan Louro,us USA,GK,FC Cincinnati,30.0,1996.0,2,2,180,2.0,0,0,0,0,0,0,0,0,0.0,0.0,0.0,0.0,0.0,0.0,0.0,0.0,0.0,0.0
422,Daniel Lovitz,us USA,DF,Nashville SC,34.0,1991.0,19,15,1381,15.3,0,0,0,0,0,0,4,0,0.0,0.0,0.0,0.0,0.0,0.0,0.0,0.0,0.26,0.0
423,Eduard Löwen,de GER,MFFW,St. Louis City,29.0,1997.0,12,7,573,6.4,2,2,4,1,1,1,1,0,0.31,0.31,0.63,0.16,0.47,0.16,0.16,0.16,0.16,0.0
424,Hirving Lozano,mx MEX,FWMF,LA Galaxy,31.0,1995.0,1,0,26,0.3,0,0,0,0,0,0,1,0,0.0,0.0,0.0,0.0,0.0,0.0,0.0,0.0,3.46,0.0
425,Luighi,br BRA,FW,NYCFC,20.0,2006.0,1,1,66,0.7,1,0,1,0,1,1,1,0,1.36,0.0,1.36,0.0,0.0,0.0,1.36,1.36,1.36,0.0
426,Gonzalo Luján,ar ARG,DF,Inter Miami,25.0,2001.0,14,10,929,10.3,1,0,1,1,0,0,3,0,0.1,0.0,0.1,0.1,0.1,0.1,0.0,0.0,0.29,0.0
427,Jovan Lukić,rs SRB,MF,Philadelphia,24.0,2002.0,18,16,1334,14.8,0,1,1,0,0,0,5,0,0.0,0.07,0.07,0.0,0.07,0.0,0.0,0.0,0.34,0.0
428,Diego Luna,us USA,MFFW,Real Salt Lake,22.0,2003.0,13,10,917,10.2,4,2,6,4,0,0,3,0,0.39,0.2,0.59,0.39,0.59,0.39,0.0,0.0,0.29,0.0
429,Benjamin Lundt,de GER,GK,St. Louis City,30.0,1995.0,2,2,180,2.0,0,0,0,0,0,0,1,0,0.0,0.0,0.0,0.0,0.0,0.0,0.0,0.0,0.5,0.0
430,Lukas MacNaughton,ca CAN,DF,St. Louis City,31.0,1995.0,16,8,808,9.0,1,1,2,1,0,0,1,0,0.11,0.11,0.22,0.11,0.22,0.11,0.0,0.0,0.11,0.0
431,Warren Madrigal,cr CRC,FWMF,Nashville SC,22.0,2004.0,15,10,833,9.3,5,2,7,5,0,0,0,0,0.54,0.22,0.76,0.54,0.76,0.54,0.0,0.0,0.0,0.0
432,Talles Magno,br BRA,FW,NYCFC,24.0,2002.0,14,2,388,4.3,2,1,3,2,0,0,1,0,0.46,0.23,0.7,0.46,0.7,0.46,0.0,0.0,0.23,0.0
433,Jack Maher,us USA,DF,Nashville SC,26.0,1999.0,8,6,543,6.0,0,0,0,0,0,0,1,0,0.0,0.0,0.0,0.0,0.0,0.0,0.0,0.0,0.17,0.0
434,Olwethu Makhanya,za RSA,DF,Philadelphia,22.0,2004.0,13,13,1169,13.0,0,0,0,0,0,0,6,1,0.0,0.0,0.0,0.0,0.0,0.0,0.0,0.0,0.46,0.08
435,Juan Manuel Sanabria,uy URU,MF,Real Salt Lake,26.0,2000.0,15,14,1254,13.9,1,4,5,1,0,0,2,0,0.07,0.29,0.36,0.07,0.36,0.07,0.0,0.0,0.14,0.0
436,Alexis Manyoma,co COL,MF,Colorado Rapids,23.0,2003.0,11,2,240,2.7,1,0,1,1,0,0,1,0,0.37,0.0,0.37,0.37,0.37,0.38,0.0,0.0,0.38,0.0
437,J.T. Marcinkowski,us USA,GK,LA Galaxy,29.0,1997.0,15,15,1350,15.0,0,0,0,0,0,0,2,0,0.0,0.0,0.0,0.0,0.0,0.0,0.0,0.0,0.13,0.0
438,Dominik Marczuk,pl POL,MF,Real Salt Lake,22.0,2003.0,10,1,265,2.9,0,0,0,0,0,0,1,0,0.0,0.0,0.0,0.0,0.0,0.0,0.0,0.0,0.34,0.0
439,Paul Marie,fr FRA,MF,SJ Earthquakes,31.0,1995.0,13,2,265,2.9,0,4,4,0,0,0,0,0,0.0,1.36,1.36,0.0,1.36,0.0,0.0,0.0,0.0,0.0
440,Adrián Marín,es ESP,DF,Orlando City,29.0,1997.0,17,12,1128,12.5,0,3,3,0,0,0,3,0,0.0,0.24,0.24,0.0,0.24,0.0,0.0,0.0,0.24,0.0
441,Anthony Markanich,ph PHI,MFDF,Minnesota Utd,26.0,1999.0,19,18,1512,16.8,4,1,5,4,0,0,2,0,0.24,0.06,0.3,0.24,0.3,0.24,0.0,0.0,0.12,0.0
442,Nick Markanich,us USA,FW,Houston,26.0,1999.0,6,1,92,1.0,0,0,0,0,0,0,0,1,0.0,0.0,0.0,0.0,0.0,0.0,0.0,0.0,0.0,0.98
443,Nikola Marković,ca CAN,MFDF,D.C. United,22.0,2004.0,13,2,325,3.6,0,1,1,0,0,0,1,0,0.0,0.28,0.28,0.0,0.28,0.0,0.0,0.0,0.28,0.0
444,Idan Markovich,il ISR,FW,Charlotte,22.0,2004.0,19,17,1405,15.6,5,2,7,5,0,1,1,0,0.32,0.13,0.45,0.32,0.45,0.32,0.0,0.06,0.06,0.0
445,Jahkeele Marshall-Rutty,ca CAN,DF,RB New York,22.0,2004.0,18,14,1232,13.7,0,0,0,0,0,0,3,0,0.0,0.0,0.0,0.0,0.0,0.0,0.0,0.0,0.22,0.0
446,David Martínez,ve VEN,FWMF,LAFC,20.0,2006.0,18,11,957,10.6,6,0,6,6,0,0,2,0,0.56,0.0,0.56,0.56,0.56,0.56,0.0,0.0,0.19,0.0
447,Geiner Martínez,co COL,DF,Philadelphia,23.0,2003.0,7,4,458,5.1,0,0,0,0,0,0,2,0,0.0,0.0,0.0,0.0,0.0,0.0,0.0,0.0,0.39,0.0
448,Josef Martínez,ve VEN,FW,Columbus Crew,33.0,1993.0,1,0,20,0.2,0,0,0,0,0,0,0,0,0.0,0.0,0.0,0.0,0.0,0.0,0.0,0.0,0.0,0.0
449,Thiago Martins,br BRA,DF,NYCFC,31.0,1995.0,17,17,1505,16.7,0,0,0,0,0,0,0,0,0.0,0.0,0.0,0.0,0.0,0.0,0.0,0.0,0.0,0.0
450,Joyeux Masanka Bungi,be BEL,DF,RB New York,19.0,2007.0,2,1,90,1.0,0,0,0,0,0,0,1,0,0.0,0.0,0.0,0.0,0.0,0.0,0.0,0.0,1.0,0.0
451,Alexandru Mățan,ro ROU,FWMF,St. Louis City,26.0,1999.0,2,0,48,0.5,0,0,0,0,0,0,0,0,0.0,0.0,0.0,0.0,0.0,0.0,0.0,0.0,0.0,0.0
452,Jimmy Maurer,us USA,GK,Houston,37.0,1988.0,1,0,45,0.5,0,0,0,0,0,0,1,0,0.0,0.0,0.0,0.0,0.0,0.0,0.0,0.0,2.0,0.0
453,Eric Maxim Choupo-Moting,cm CMR,FW,RB New York,37.0,1989.0,11,1,188,2.1,2,0,2,1,1,1,0,0,0.96,0.0,0.96,0.48,0.48,0.48,0.48,0.48,0.0,0.0
454,Youssef Maziz,fr FRA,FWMF,Colorado Rapids,28.0,1998.0,1,0,35,0.4,0,1,1,0,0,0,0,0,0.0,2.57,2.57,0.0,2.57,0.0,0.0,0.0,0.0,0.0
455,Olivier Mbaizo,cm CMR,DF,Philadelphia,29.0,1997.0,1,0,60,0.7,0,0,0,0,0,0,0,0,0.0,0.0,0.0,0.0,0.0,0.0,0.0,0.0,0.0,0.0
456,Mbekezeli Mbokazi,za RSA,DF,Chicago Fire,20.0,2005.0,12,12,1048,11.6,0,0,0,0,0,0,2,0,0.0,0.0,0.0,0.0,0.0,0.0,0.0,0.0,0.17,0.0
457,Kenji Mboma Dem,fr FRA,FWMF,FC Cincinnati,24.0,2002.0,16,11,854,9.5,4,1,5,4,0,0,0,0,0.42,0.11,0.53,0.42,0.53,0.42,0.0,0.0,0.0,0.0
458,Jack McGlynn,us USA,MF,Houston,23.0,2003.0,15,13,1099,12.2,2,5,7,2,0,0,2,0,0.16,0.41,0.57,0.16,0.57,0.16,0.0,0.0,0.16,0.0
459,Duncan McGuire,us USA,FW,Houston,25.0,2001.0,5,2,179,2.0,0,0,0,0,0,0,0,0,0.0,0.0,0.0,0.0,0.0,0.0,0.0,0.0,0.0,0.0
460,Duncan McGuire,us USA,FW,Orlando City,25.0,2001.0,11,4,481,5.3,2,0,2,2,0,0,1,0,0.37,0.0,0.37,0.37,0.37,0.37,0.0,0.0,0.19,0.0
461,Brendan McSorley,us USA,FW,St. Louis City,24.0,2002.0,12,0,182,2.0,1,0,1,1,0,0,2,0,0.49,0.0,0.49,0.49,0.49,0.49,0.0,0.0,0.99,0.0
462,Christopher McVey,se SWE,DF,San Diego FC,29.0,1997.0,17,15,1329,14.8,1,0,1,1,0,0,7,2,0.07,0.0,0.07,0.07,0.07,0.07,0.0,0.0,0.47,0.14
463,Adri Mehmeti,us USA,MF,RB New York,17.0,2009.0,18,18,1497,16.6,1,3,4,1,0,0,6,1,0.06,0.18,0.24,0.06,0.24,0.06,0.0,0.0,0.36,0.06
464,Brais Méndez,es ESP,FWMF,Columbus Crew,29.0,1997.0,2,0,75,0.8,1,0,1,1,0,0,0,0,1.2,0.0,1.2,1.2,1.2,1.2,0.0,0.0,0.0,0.0
465,Lionel Messi,ar ARG,FWMF,Inter Miami,39.0,1987.0,16,15,1370,15.2,12,8,20,11,1,2,3,0,0.79,0.53,1.31,0.72,1.25,0.72,0.07,0.13,0.2,0.0
466,Wyatt Meyer,us USA,DF,Sporting KC,25.0,2001.0,15,12,1112,12.4,0,0,0,0,0,0,1,0,0.0,0.0,0.0,0.0,0.0,0.0,0.0,0.0,0.08,0.0
467,Matt Miazga,us USA,DF,FC Cincinnati,31.0,1995.0,12,10,818,9.1,0,1,1,0,0,0,5,0,0.0,0.11,0.11,0.0,0.11,0.0,0.0,0.0,0.55,0.0
468,Micael,br BRA,DF,Inter Miami,26.0,2000.0,17,17,1530,17.0,1,0,1,1,0,0,4,0,0.06,0.0,0.06,0.06,0.06,0.06,0.0,0.0,0.24,0.0
469,Novak Mićović,rs SRB,GK,LA Galaxy,24.0,2001.0,5,5,450,5.0,0,0,0,0,0,0,0,0,0.0,0.0,0.0,0.0,0.0,0.0,0.0,0.0,0.0,0.0
470,Alex Mighten,eng ENG,FWMF,San Diego FC,24.0,2002.0,12,5,574,6.4,0,2,2,0,0,0,1,0,0.0,0.31,0.31,0.0,0.31,0.0,0.0,0.0,0.16,0.0
471,Djordje Mihailovic,us USA,MFFW,Toronto FC,27.0,1998.0,9,6,600,6.7,2,3,5,2,0,0,0,1,0.3,0.45,0.75,0.3,0.75,0.3,0.0,0.0,0.0,0.15
472,Enea Mihaj,al ALB,DF,Atlanta Utd,28.0,1998.0,17,15,1277,14.2,0,0,0,0,0,0,4,1,0.0,0.0,0.0,0.0,0.0,0.0,0.0,0.0,0.28,0.07
473,Harbor Miller,us USA,MFDF,LA Galaxy,19.0,2007.0,18,9,935,10.4,0,0,0,0,0,0,1,0,0.0,0.0,0.0,0.0,0.0,0.0,0.0,0.0,0.1,0.0
474,Jansen Miller,us USA,DF,Sporting KC,24.0,2002.0,9,5,498,5.5,0,0,0,0,0,0,2,0,0.0,0.0,0.0,0.0,0.0,0.0,0.0,0.0,0.36,0.0
475,Kamal Miller,ca CAN,DF,Portland Timbers,29.0,1997.0,15,12,1005,11.2,1,0,1,1,0,0,4,1,0.09,0.0,0.09,0.09,0.09,0.09,0.0,0.0,0.36,0.09
476,Nolan Miller,us USA,DF,Orlando City,22.0,2004.0,5,4,328,3.6,0,0,0,0,0,0,2,0,0.0,0.0,0.0,0.0,0.0,0.0,0.0,0.0,0.55,0.0
477,Peyton Miller,us USA,FWMF,NE Revolution,18.0,2007.0,17,11,1079,12.0,4,1,5,4,0,0,1,0,0.33,0.08,0.42,0.33,0.42,0.33,0.0,0.0,0.08,0.0
478,Juan Mina,co COL,DF,RB New York,22.0,2004.0,5,1,185,2.1,0,0,0,0,0,0,0,0,0.0,0.0,0.0,0.0,0.0,0.0,0.0,0.0,0.0,0.0
479,Georgi Minoungou,bf BFA,MF,Seattle Sounders,24.0,2002.0,3,2,150,1.7,0,0,0,0,0,0,0,0,0.0,0.0,0.0,0.0,0.0,0.0,0.0,0.0,0.0,0.0
480,Georgi Minoungou,bf BFA,MFFW,Colorado Rapids,24.0,2002.0,13,9,881,9.8,0,2,2,0,0,0,1,0,0.0,0.2,0.2,0.0,0.2,0.0,0.0,0.0,0.1,0.0
481,Aleksei Miranchuk,ru RUS,MFFW,Atlanta Utd,30.0,1995.0,18,16,1446,16.1,5,5,10,5,0,0,1,0,0.31,0.31,0.62,0.31,0.62,0.31,0.0,0.0,0.06,0.0
482,Roald Mitchell,tt TRI,MF,RB New York,23.0,2003.0,3,0,30,0.3,0,0,0,0,0,0,0,0,0.0,0.0,0.0,0.0,0.0,0.0,0.0,0.0,0.0,0.0
483,Shakur Mohammed,gh GHA,MF,Nashville SC,22.0,2003.0,9,5,395,4.4,3,0,3,3,0,0,2,0,0.68,0.0,0.68,0.68,0.68,0.68,0.0,0.0,0.46,0.0
484,Luca Moisa,us USA,MF,Real Salt Lake,18.0,2008.0,3,3,175,1.9,0,0,0,0,0,0,1,0,0.0,0.0,0.0,0.0,0.0,0.0,0.0,0.0,0.51,0.0
485,Zane Monlouis,eng ENG,DF,Toronto FC,22.0,2003.0,16,10,955,10.6,0,0,0,0,0,0,1,0,0.0,0.0,0.0,0.0,0.0,0.0,0.0,0.0,0.09,0.0
486,Shaq Moore,us USA,DFMF,FC Dallas,29.0,1996.0,18,17,1567,17.4,0,1,1,0,0,0,2,0,0.0,0.06,0.06,0.0,0.06,0.0,0.0,0.0,0.11,0.0
487,Felipe Mora,cl CHI,FWMF,Portland Timbers,33.0,1993.0,13,5,448,5.0,4,0,4,4,0,0,1,0,0.8,0.0,0.8,0.8,0.8,0.8,0.0,0.0,0.2,0.0
488,Efrain Morales,bo BOL,DF,CF Montréal,22.0,2004.0,14,12,1071,11.9,0,2,2,0,0,0,0,0,0.0,0.17,0.17,0.0,0.17,0.0,0.0,0.0,0.0,0.0
489,Santi Morales,us USA,MF,Inter Miami,19.0,2007.0,1,1,72,0.8,0,0,0,0,0,0,0,0,0.0,0.0,0.0,0.0,0.0,0.0,0.0,0.0,0.0,0.0
490,Maximiliano Moralez,ar ARG,MF,NYCFC,39.0,1987.0,14,14,1124,12.5,1,6,7,0,1,1,1,0,0.08,0.48,0.56,0.0,0.48,0.0,0.08,0.08,0.08,0.0
491,Steven Moreira,cv CPV,DF,Columbus Crew,32.0,1994.0,18,15,1378,15.3,0,0,0,0,0,0,1,0,0.0,0.0,0.0,0.0,0.0,0.0,0.0,0.0,0.07,0.0
492,Santiago Moreno,co COL,MFFW,FC Dallas,26.0,2000.0,14,8,692,7.7,2,2,4,1,1,1,1,0,0.26,0.26,0.52,0.13,0.39,0.13,0.13,0.13,0.13,0.0
493,Lewis Morgan,sct SCO,FW,San Diego FC,29.0,1996.0,11,5,415,4.6,0,2,2,0,0,0,1,0,0.0,0.43,0.43,0.0,0.43,0.0,0.0,0.0,0.22,0.0
494,Jordan Morris,us USA,MFFW,Seattle Sounders,31.0,1994.0,11,7,587,6.5,1,2,3,1,0,0,0,0,0.15,0.31,0.46,0.15,0.46,0.15,0.0,0.0,0.0,0.0
495,Moises Mosquera,co COL,DF,Sporting KC,25.0,2001.0,3,2,175,1.9,0,0,0,0,0,0,1,1,0.0,0.0,0.0,0.0,0.0,0.0,0.0,0.0,0.51,0.51
496,Rafael Mosquera,pa PAN,FW,RB New York,21.0,2005.0,10,1,317,3.5,0,0,0,0,0,0,2,0,0.0,0.0,0.0,0.0,0.0,0.0,0.0,0.0,0.57,0.0
497,Chris Mueller,us USA,FW,Chicago Fire,29.0,1996.0,5,1,94,1.0,0,0,0,0,0,0,1,0,0.0,0.0,0.0,0.0,0.0,0.0,0.0,0.0,0.96,0.0
498,Hany Mukhtar,de GER,FWMF,Nashville SC,31.0,1995.0,19,16,1522,16.9,8,4,12,8,0,0,2,0,0.47,0.24,0.71,0.47,0.71,0.47,0.0,0.0,0.12,0.0
499,Thomas Müller,de GER,MF,Vancouver,36.0,1989.0,15,12,1112,12.4,6,2,8,3,3,3,0,0,0.49,0.16,0.65,0.24,0.4,0.24,0.24,0.24,0.0,0.0
500,Daniel Munie,us USA,DF,SJ Earthquakes,26.0,2000.0,18,18,1620,18.0,4,1,5,4,0,0,3,0,0.22,0.06,0.28,0.22,0.28,0.22,0.0,0.0,0.17,0.0
501,Louis Munteanu,ro ROU,FW,D.C. United,24.0,2002.0,15,10,970,10.8,5,1,6,4,1,1,2,0,0.46,0.09,0.56,0.37,0.46,0.37,0.09,0.09,0.19,0.0
502,Facundo Mura,ar ARG,DFMF,Inter Miami,27.0,1999.0,16,10,989,11.0,0,0,0,0,0,0,0,0,0.0,0.0,0.0,0.0,0.0,0.0,0.0,0.0,0.0,0.0
503,Ian Murphy,us USA,DF,Colorado Rapids,26.0,2000.0,1,0,7,0.1,0,0,0,0,0,0,0,0,0.0,0.0,0.0,0.0,0.0,0.0,0.0,0.0,0.0,0.0
504,Ian Murphy,us USA,DF,San Diego FC,26.0,2000.0,2,1,105,1.2,0,0,0,0,0,0,1,0,0.0,0.0,0.0,0.0,0.0,0.0,0.0,0.0,0.86,0.0
505,Max Murray,us USA,DF,NYCFC,24.0,2002.0,1,1,77,0.9,0,0,0,0,0,0,0,0,0.0,0.0,0.0,0.0,0.0,0.0,0.0,0.0,0.0,0.0
506,Jacob Murrell,us USA,FW,D.C. United,22.0,2004.0,8,0,74,0.8,0,1,1,0,0,0,1,0,0.0,1.22,1.22,0.0,1.22,0.0,0.0,0.0,1.22,0.0
507,Petar Musa,hr CRO,FW,FC Dallas,28.0,1998.0,17,15,1333,14.8,14,2,16,12,2,2,1,0,0.95,0.14,1.08,0.81,0.95,0.81,0.14,0.14,0.07,0.0
508,Daniel Musovski,mk MKD,FW,Seattle Sounders,30.0,1995.0,17,9,762,8.5,1,0,1,1,0,0,1,0,0.12,0.0,0.12,0.12,0.12,0.12,0.0,0.0,0.12,0.0
509,Alex Muyl,us USA,MF,Nashville SC,30.0,1995.0,17,8,711,7.9,0,1,1,0,0,0,2,0,0.0,0.13,0.13,0.0,0.13,0.0,0.0,0.0,0.25,0.0
510,Tristan Muyumba,fr FRA,MF,Atlanta Utd,29.0,1997.0,19,16,1433,15.9,3,0,3,3,0,0,3,0,0.19,0.0,0.19,0.19,0.19,0.19,0.0,0.0,0.19,0.0
511,Andy Najar,hn HON,DF,Nashville SC,33.0,1993.0,16,12,1056,11.7,1,3,4,1,0,0,3,0,0.09,0.26,0.34,0.09,0.34,0.09,0.0,0.0,0.26,0.0
512,Matheus Nascimento,br BRA,FW,LA Galaxy,22.0,2004.0,8,0,151,1.7,1,0,1,1,0,0,0,0,0.6,0.0,0.6,0.6,0.6,0.6,0.0,0.0,0.0,0.0
513,Miguel Navarro,ve VEN,DF,Colorado Rapids,27.0,1999.0,14,9,934,10.4,0,1,1,0,0,0,6,1,0.0,0.1,0.1,0.0,0.1,0.0,0.0,0.0,0.58,0.1
514,Rafael Navarro,br BRA,FW,Colorado Rapids,26.0,2000.0,19,19,1703,18.9,10,3,13,8,2,2,5,0,0.53,0.16,0.69,0.42,0.58,0.42,0.11,0.11,0.26,0.0
515,Philippe Ndinga,ga GAB,DF,Philadelphia,21.0,2005.0,6,3,221,2.5,0,0,0,0,0,0,1,0,0.0,0.0,0.0,0.0,0.0,0.0,0.0,0.0,0.41,0.0
516,Jalen Neal,us USA,DF,CF Montréal,22.0,2003.0,9,8,660,7.3,0,0,0,0,0,0,1,0,0.0,0.0,0.0,0.0,0.0,0.0,0.0,0.0,0.14,0.0
517,Dylan Nealis,us USA,DF,RB New York,28.0,1998.0,16,16,1377,15.3,0,0,0,0,0,0,3,0,0.0,0.0,0.0,0.0,0.0,0.0,0.0,0.0,0.2,0.0
518,Sean Nealis,us USA,DF,D.C. United,29.0,1997.0,7,3,254,2.8,0,0,0,0,0,0,0,0,0.0,0.0,0.0,0.0,0.0,0.0,0.0,0.0,0.0,0.0
519,Franco Negri,ar ARG,DF,Houston,31.0,1995.0,8,5,378,4.2,0,0,0,0,0,0,1,0,0.0,0.0,0.0,0.0,0.0,0.0,0.0,0.0,0.24,0.0
520,Jayden Nelson,ca CAN,MF,Austin FC,23.0,2002.0,12,6,478,5.3,2,0,2,2,0,0,2,0,0.38,0.0,0.38,0.38,0.38,0.38,0.0,0.0,0.38,0.0
521,John Nelson,us USA,DF,LA Galaxy,28.0,1998.0,18,11,1137,12.6,0,0,0,0,0,0,1,0,0.0,0.0,0.0,0.0,0.0,0.0,0.0,0.0,0.08,0.0
522,Jean-Claude Ngando,cm CMR,MF,Vancouver,26.0,1999.0,3,1,114,1.3,0,0,0,0,0,0,1,0,0.0,0.0,0.0,0.0,0.0,0.0,0.0,0.0,0.79,0.0
523,Kenneth Nielsen,us USA,DF,LAFC,24.0,2002.0,5,2,169,1.9,0,0,0,0,0,0,1,0,0.0,0.0,0.0,0.0,0.0,0.0,0.0,0.0,0.53,0.0
524,Kimito Nono,jp JPN,MF,D.C. United,24.0,2002.0,1,1,79,0.9,0,1,1,0,0,0,0,0,0.0,1.14,1.14,0.0,1.14,0.0,0.0,0.0,0.0,0.0
525,Nolan Norris,us USA,DF,FC Dallas,21.0,2005.0,15,13,1169,13.0,1,0,1,1,0,0,5,0,0.08,0.0,0.08,0.08,0.08,0.08,0.0,0.0,0.38,0.0
526,Obinna Nwobodo,ng NGA,MF,FC Cincinnati,29.0,1996.0,14,8,680,7.6,0,1,1,0,0,0,4,0,0.0,0.13,0.13,0.0,0.13,0.0,0.0,0.0,0.53,0.0
527,Aiden O'Neill,au AUS,MF,NYCFC,28.0,1998.0,11,11,904,10.0,0,1,1,0,0,0,2,0,0.0,0.1,0.1,0.0,0.1,0.0,0.0,0.0,0.2,0.0
528,Kevin O'Toole,ie IRL,DF,NYCFC,27.0,1998.0,11,10,931,10.3,0,0,0,0,0,0,0,0,0.0,0.0,0.0,0.0,0.0,0.0,0.0,0.0,0.0,0.0
529,Édier Ocampo,co COL,DF,Vancouver,22.0,2003.0,17,16,1358,15.1,1,0,1,1,0,0,6,0,0.07,0.0,0.07,0.07,0.07,0.07,0.0,0.0,0.4,0.0
530,Agustin Ojeda,ar ARG,MFFW,NYCFC,22.0,2004.0,19,19,1522,16.9,5,4,9,5,0,0,1,0,0.3,0.24,0.53,0.3,0.53,0.3,0.0,0.0,0.06,0.0
531,Braian Ojeda,py PAR,MF,Orlando City,26.0,2000.0,18,18,1605,17.8,1,2,3,1,0,0,1,0,0.06,0.11,0.17,0.06,0.17,0.06,0.0,0.0,0.06,0.0
532,Martín Ojeda,ar ARG,FWMF,Orlando City,27.0,1998.0,15,15,1313,14.6,11,0,11,8,3,3,1,0,0.75,0.0,0.75,0.55,0.55,0.55,0.21,0.21,0.07,0.0
533,Hamzat Ojediran,ng NGA,MF,Colorado Rapids,22.0,2003.0,17,16,1152,12.8,1,0,1,1,0,0,7,0,0.08,0.0,0.08,0.08,0.08,0.08,0.0,0.0,0.55,0.0
534,Victor Olatunji,ng NGA,FW,Real Salt Lake,26.0,1999.0,15,2,324,3.6,1,0,1,1,0,0,0,0,0.28,0.0,0.28,0.28,0.28,0.28,0.0,0.0,0.0,0.0
535,Salvador Olivas,us USA,FW,Philadelphia,20.0,2006.0,1,0,8,0.1,0,0,0,0,0,0,0,0,0.0,0.0,0.0,0.0,0.0,0.0,0.0,0.0,0.0,0.0
536,Cristiano Oliveira,us USA,MF,NE Revolution,18.0,2008.0,1,0,6,0.1,0,0,0,0,0,0,0,0,0.0,0.0,0.0,0.0,0.0,0.0,0.0,0.0,0.0,0.0
537,Kwadwo Opoku,gh GHA,FW,CF Montréal,25.0,2001.0,5,0,103,1.1,1,0,1,1,0,0,0,0,0.87,0.0,0.87,0.87,0.87,0.87,0.0,0.0,0.0,0.0
538,Nathan Ordaz,sv SLV,FW,D.C. United,22.0,2004.0,4,0,60,0.7,0,1,1,0,0,0,0,0,0.0,1.5,1.5,0.0,1.5,0.0,0.0,0.0,0.0,0.0
539,Nathan Ordaz,sv SLV,FWMF,LAFC,22.0,2004.0,9,6,501,5.6,2,0,2,2,0,0,0,0,0.36,0.0,0.36,0.36,0.36,0.36,0.0,0.0,0.0,0.0
540,Sergio Oregel,us USA,MF,Chicago Fire,21.0,2005.0,3,0,29,0.3,0,0,0,0,0,0,0,0,0.0,0.0,0.0,0.0,0.0,0.0,0.0,0.0,0.0,0.0
541,Jaziel Orozco,us USA,DFMF,St. Louis City,22.0,2004.0,13,10,832,9.2,0,0,0,0,0,0,3,0,0.0,0.0,0.0,0.0,0.0,0.0,0.0,0.0,0.32,0.0
542,Jonathan Osorio,ca CAN,MF,Toronto FC,34.0,1992.0,17,17,1530,17.0,0,3,3,0,0,0,7,0,0.0,0.18,0.18,0.0,0.18,0.0,0.0,0.0,0.41,0.0
543,Tomáš Ostrák,cz CZE,MF,St. Louis City,26.0,2000.0,3,0,25,0.3,1,0,1,1,0,0,0,0,3.6,0.0,3.6,3.6,3.6,3.6,0.0,0.0,0.0,0.0
544,Luis Otávio,br BRA,MF,Orlando City,19.0,2007.0,14,7,632,7.0,1,0,1,1,0,0,2,0,0.14,0.0,0.14,0.14,0.14,0.14,0.0,0.0,0.28,0.0
545,Javier Otero,ve VEN,GK,Orlando City,23.0,2002.0,2,1,162,1.8,0,0,0,0,0,0,0,0,0.0,0.0,0.0,0.0,0.0,0.0,0.0,0.0,0.0,0.0
546,Prince Owusu,gh GHA,FW,CF Montréal,29.0,1997.0,18,17,1444,16.0,11,6,17,6,5,5,6,0,0.69,0.37,1.06,0.37,0.75,0.37,0.31,0.31,0.37,0.0
547,Woobens Pacius,ht HAI,FW,Nashville SC,25.0,2001.0,12,3,244,2.7,0,0,0,0,0,0,1,0,0.0,0.0,0.0,0.0,0.0,0.0,0.0,0.0,0.37,0.0
548,Devin Padelford,us USA,DFMF,Minnesota Utd,23.0,2003.0,15,5,606,6.7,1,1,2,1,0,0,0,0,0.15,0.15,0.3,0.15,0.3,0.15,0.0,0.0,0.0,0.0
549,Joseph Paintsil,gh GHA,FWMF,LA Galaxy,28.0,1998.0,16,15,1272,14.1,4,2,6,4,0,0,2,0,0.28,0.14,0.42,0.28,0.42,0.28,0.0,0.0,0.14,0.0
550,Jeison Palacios,co COL,DF,Nashville SC,32.0,1994.0,15,14,1247,13.9,1,0,1,1,0,0,2,0,0.07,0.0,0.07,0.07,0.07,0.07,0.0,0.0,0.14,0.0
551,Sergi Palencia,es ESP,DF,LAFC,30.0,1996.0,9,8,623,6.9,1,0,1,1,0,0,2,0,0.14,0.0,0.14,0.14,0.14,0.14,0.0,0.0,0.29,0.0
552,James Pantemis,ca CAN,GK,Portland Timbers,29.0,1997.0,19,19,1710,19.0,0,0,0,0,0,0,1,0,0.0,0.0,0.0,0.0,0.0,0.0,0.0,0.0,0.05,0.0
553,Isaiah Parente,us USA,MF,LA Galaxy,26.0,2000.0,6,0,90,1.0,0,0,0,0,0,0,0,0,0.0,0.0,0.0,0.0,0.0,0.0,0.0,0.0,0.0,0.0
554,Tim Parker,us USA,DF,RB New York,33.0,1993.0,8,4,434,4.8,0,0,0,0,0,0,1,0,0.0,0.0,0.0,0.0,0.0,0.0,0.0,0.0,0.21,0.0
555,Keaton Parks,us USA,MF,NYCFC,29.0,1997.0,15,11,880,9.8,2,0,2,2,0,0,3,0,0.2,0.0,0.2,0.2,0.2,0.2,0.0,0.0,0.31,0.0
556,Marco Pašalić,hr CRO,MFFW,Orlando City,25.0,2000.0,11,8,687,7.6,2,0,2,2,0,0,3,0,0.26,0.0,0.26,0.26,0.26,0.26,0.0,0.0,0.39,0.0
557,Pedrinho,br BRA,FW,Orlando City,20.0,2006.0,1,0,7,0.1,0,0,0,0,0,0,0,0,0.0,0.0,0.0,0.0,0.0,0.0,0.0,0.0,0.0,0.0
558,Peglow,br BRA,MF,D.C. United,24.0,2002.0,18,18,1508,16.8,1,3,4,1,0,0,4,0,0.06,0.18,0.24,0.06,0.24,0.06,0.0,0.0,0.24,0.0
559,Amahl Pellegrino,no NOR,FWMF,San Diego FC,36.0,1990.0,12,8,678,7.5,2,1,3,2,0,0,0,1,0.27,0.13,0.4,0.27,0.4,0.27,0.0,0.0,0.0,0.13
560,Matti Peltola,fi FIN,MF,D.C. United,24.0,2002.0,19,16,1501,16.7,1,0,1,1,0,0,1,0,0.06,0.0,0.06,0.06,0.06,0.06,0.0,0.0,0.06,0.0
561,Andrés Perea,us USA,MF,NYCFC,25.0,2000.0,9,5,563,6.3,1,1,2,1,0,0,0,0,0.16,0.16,0.32,0.16,0.32,0.16,0.0,0.0,0.0,0.0
562,Daniel Pereira,ve VEN,MF,Austin FC,26.0,2000.0,8,4,366,4.1,0,1,1,0,0,0,1,0,0.0,0.25,0.25,0.0,0.25,0.0,0.0,0.0,0.25,0.0
563,Daniel Pereira,ve VEN,MF,CF Montréal,26.0,2000.0,4,2,241,2.7,0,0,0,0,0,0,1,0,0.0,0.0,0.0,0.0,0.0,0.0,0.0,0.0,0.37,0.0
564,Matheus Pereira,br BRA,MF,Toronto FC,25.0,2000.0,2,1,120,1.3,0,0,0,0,0,0,0,0,0.0,0.0,0.0,0.0,0.0,0.0,0.0,0.0,0.0,0.0
565,Joaquín Pereyra,ar ARG,FWMF,Minnesota Utd,27.0,1998.0,19,18,1637,18.2,2,6,8,2,0,0,3,0,0.11,0.33,0.44,0.11,0.44,0.11,0.0,0.0,0.16,0.0
566,Miguel Perez,us USA,MF,St. Louis City,21.0,2005.0,10,3,264,2.9,0,0,0,0,0,0,2,0,0.0,0.0,0.0,0.0,0.0,0.0,0.0,0.0,0.68,0.0
567,Nikola Petković,rs SRB,MF,Seattle Sounders,23.0,2003.0,4,2,134,1.5,0,0,0,0,0,0,2,0,0.0,0.0,0.0,0.0,0.0,0.0,0.0,0.0,1.34,0.0
568,Luca Petrasso,ca CAN,DF,CF Montréal,26.0,2000.0,17,17,1524,16.9,0,1,1,0,0,0,1,0,0.0,0.06,0.06,0.0,0.06,0.0,0.0,0.0,0.06,0.0
569,Donavan Phillip,lc LCA,MF,Colorado Rapids,21.0,2005.0,2,0,30,0.3,0,0,0,0,0,0,0,0,0.0,0.0,0.0,0.0,0.0,0.0,0.0,0.0,0.0,0.0
570,Hugo Picard,fr FRA,MFFW,Columbus Crew,23.0,2003.0,18,9,863,9.6,2,2,4,2,0,0,0,0,0.21,0.21,0.42,0.21,0.42,0.21,0.0,0.0,0.0,0.0
571,Fafà Picault,ht HAI,FW,Atlanta Utd,35.0,1991.0,12,5,518,5.8,2,1,3,2,0,0,1,0,0.35,0.17,0.52,0.35,0.52,0.35,0.0,0.0,0.17,0.0
572,Kevin Pierre,us USA,MF,NYCFC,23.0,2003.0,2,0,20,0.2,0,0,0,0,0,0,0,0,0.0,0.0,0.0,0.0,0.0,0.0,0.0,0.0,0.0,0.0
573,Neil Pierre,us USA,DF,Philadelphia,18.0,2007.0,4,3,305,3.4,2,0,2,2,0,0,0,0,0.59,0.0,0.59,0.59,0.59,0.59,0.0,0.0,0.0,0.0
574,Samuel Piette,ca CAN,MF,CF Montréal,31.0,1994.0,13,8,621,6.9,0,0,0,0,0,0,3,0,0.0,0.0,0.0,0.0,0.0,0.0,0.0,0.0,0.43,0.0
575,Ian Pilcher,us USA,DF,San Diego FC,23.0,2003.0,8,2,170,1.9,0,0,0,0,0,0,2,0,0.0,0.0,0.0,0.0,0.0,0.0,0.0,0.0,1.06,0.0
576,Mauricio Pineda,us USA,MF,Chicago Fire,28.0,1997.0,13,5,517,5.7,0,0,0,0,0,0,0,0,0.0,0.0,0.0,0.0,0.0,0.0,0.0,0.0,0.0,0.0
577,Dániel Pintér,us USA,MFFW,Inter Miami,19.0,2007.0,9,2,284,3.2,0,0,0,0,0,0,1,0,0.0,0.0,0.0,0.0,0.0,0.0,0.0,0.0,0.32,0.0
578,Ariath Piol,au AUS,FW,Real Salt Lake,21.0,2004.0,2,2,164,1.8,1,0,1,1,0,0,0,0,0.55,0.0,0.55,0.55,0.55,0.55,0.0,0.0,0.0,0.0
579,Gabriel Pirani,br BRA,MF,San Diego FC,24.0,2002.0,2,1,103,1.1,0,0,0,0,0,0,0,0,0.0,0.0,0.0,0.0,0.0,0.0,0.0,0.0,0.0,0.0
580,Gabriel Pirani,br BRA,FWMF,D.C. United,24.0,2002.0,7,6,468,5.2,0,0,0,0,0,0,1,0,0.0,0.0,0.0,0.0,0.0,0.0,0.0,0.0,0.19,0.0
581,Preston Plambeck,us USA,MF,Inter Miami,20.0,2005.0,6,0,81,0.9,1,0,1,1,0,0,0,0,1.11,0.0,1.11,1.11,1.11,1.11,0.0,0.0,0.0,0.0
582,Matt Polster,us USA,MFDF,NE Revolution,33.0,1993.0,14,12,889,9.9,0,1,1,0,0,0,2,0,0.0,0.1,0.1,0.0,0.1,0.0,0.0,0.0,0.2,0.0
583,Dante Polvara,us USA,DF,St. Louis City,26.0,2000.0,19,19,1633,18.1,0,0,0,0,0,0,3,0,0.0,0.0,0.0,0.0,0.0,0.0,0.0,0.0,0.17,0.0
584,Célio Pompeu,br BRA,MF,St. Louis City,26.0,1999.0,3,1,114,1.3,0,0,0,0,0,0,0,0,0.0,0.0,0.0,0.0,0.0,0.0,0.0,0.0,0.0,0.0
585,Ezequiel Ponce,ar ARG,FW,Houston,29.0,1997.0,17,13,1114,12.4,0,1,1,0,0,0,2,0,0.0,0.08,0.08,0.0,0.08,0.0,0.0,0.0,0.16,0.0
586,Ryan Porteous,sct SCO,DF,LAFC,27.0,1999.0,18,16,1518,16.9,0,0,0,0,0,0,3,0,0.0,0.0,0.0,0.0,0.0,0.0,0.0,0.0,0.18,0.0
587,Alvas Powell,jm JAM,DF,FC Cincinnati,32.0,1994.0,8,1,161,1.8,0,1,1,0,0,0,0,1,0.0,0.56,0.56,0.0,0.56,0.0,0.0,0.0,0.0,0.56
588,Owen Presthus,us USA,DF,Columbus Crew,20.0,2006.0,1,1,59,0.7,0,0,0,0,0,0,0,0,0.0,0.0,0.0,0.0,0.0,0.0,0.0,0.0,0.0,0.0
589,Ralph Priso-Mbongue,ca CAN,DF,Vancouver,24.0,2002.0,8,6,542,6.0,1,0,1,1,0,0,0,0,0.17,0.0,0.17,0.17,0.17,0.17,0.0,0.0,0.0,0.0
590,Andrew Privett,us USA,DF,Charlotte,26.0,2000.0,8,6,570,6.3,0,0,0,0,0,0,2,0,0.0,0.0,0.0,0.0,0.0,0.0,0.0,0.0,0.32,0.0
591,John Pulskamp,us USA,GK,Sporting KC,25.0,2001.0,9,9,810,9.0,0,0,0,0,0,0,0,0,0.0,0.0,0.0,0.0,0.0,0.0,0.0,0.0,0.0,0.0
592,Troy Putt,nz NZL,FW,Minnesota Utd,19.0,2006.0,1,0,5,0.1,0,0,0,0,0,0,0,0,0.0,0.0,0.0,0.0,0.0,0.0,0.0,0.0,0.0,0.0
593,Przemysław Płacheta,pl POL,MF,Austin FC,28.0,1998.0,4,1,150,1.7,0,0,0,0,0,0,1,0,0.0,0.0,0.0,0.0,0.0,0.0,0.0,0.0,0.6,0.0
594,Ahmed Qasem,iq IRQ,MFFW,Nashville SC,23.0,2003.0,18,11,931,10.3,1,1,2,1,0,0,3,0,0.1,0.1,0.19,0.1,0.19,0.1,0.0,0.0,0.29,0.0
595,Philip Quinton,us USA,DF,Real Salt Lake,26.0,1999.0,15,12,1126,12.5,0,1,1,0,0,0,2,0,0.0,0.08,0.08,0.0,0.08,0.0,0.0,0.0,0.16,0.0
596,Viktor Radojevic,rs SRB,DF,Chicago Fire,22.0,2004.0,8,2,188,2.1,0,0,0,0,0,0,2,0,0.0,0.0,0.0,0.0,0.0,0.0,0.0,0.0,0.96,0.0
597,Jeremy Rafanello,us USA,MF,Philadelphia,26.0,2000.0,4,2,204,2.3,0,0,0,0,0,0,1,0,0.0,0.0,0.0,0.0,0.0,0.0,0.0,0.0,0.44,0.0
598,Jackson Ragen,us USA,DF,Seattle Sounders,27.0,1998.0,15,14,1328,14.8,0,0,0,0,0,0,7,1,0.0,0.0,0.0,0.0,0.0,0.0,0.0,0.0,0.47,0.07
599,Brooklyn Raines,us USA,MF,NE Revolution,21.0,2005.0,18,18,1582,17.6,1,0,1,1,0,0,7,0,0.06,0.0,0.06,0.06,0.06,0.06,0.0,0.0,0.4,0.0
600,Bryan Ramírez,ec ECU,MF,FC Cincinnati,26.0,2000.0,18,15,1343,14.9,1,2,3,1,0,0,6,0,0.07,0.13,0.2,0.07,0.2,0.07,0.0,0.0,0.4,0.0
601,Christian Ramirez,us USA,FWMF,Austin FC,35.0,1991.0,17,9,763,8.5,5,1,6,5,0,0,0,0,0.59,0.12,0.71,0.59,0.71,0.59,0.0,0.0,0.0,0.0
602,Rubén Ramos,us USA,FW,LA Galaxy,19.0,2007.0,5,1,110,1.2,0,0,0,0,0,0,1,0,0.0,0.0,0.0,0.0,0.0,0.0,0.0,0.0,0.82,0.0
603,Ryan Raposo,ca CAN,DFMF,LAFC,27.0,1999.0,9,3,338,3.8,0,0,0,0,0,0,2,0,0.0,0.0,0.0,0.0,0.0,0.0,0.0,0.0,0.53,0.0
604,Tim Ream,us USA,DF,Charlotte,38.0,1987.0,13,13,1125,12.5,0,1,1,0,0,0,0,0,0.0,0.08,0.08,0.0,0.08,0.0,0.0,0.0,0.0,0.0
605,Sergio Reguilón,es ESP,DF,Inter Miami,29.0,1996.0,9,8,578,6.4,1,0,1,1,0,0,2,0,0.16,0.0,0.16,0.16,0.16,0.16,0.0,0.0,0.31,0.0
606,Jayden Reid,us USA,DF,Sporting KC,24.0,2001.0,14,11,998,11.1,0,0,0,0,0,0,1,0,0.0,0.0,0.0,0.0,0.0,0.0,0.0,0.0,0.09,0.0
607,Seymour Reid,jm JAM,FW,NYCFC,18.0,2008.0,11,0,89,1.0,0,0,0,0,0,0,0,0,0.0,0.0,0.0,0.0,0.0,0.0,0.0,0.0,0.0,0.0
608,Tahir Reid-Brown,us USA,DF,Orlando City,20.0,2006.0,7,2,225,2.5,0,0,0,0,0,0,1,0,0.0,0.0,0.0,0.0,0.0,0.0,0.0,0.0,0.4,0.0
609,William Reilly,us USA,MF,Atlanta Utd,23.0,2002.0,8,6,566,6.3,0,0,0,0,0,0,3,0,0.0,0.0,0.0,0.0,0.0,0.0,0.0,0.0,0.48,0.0
610,Agustín Resch,ar ARG,DF,Houston,24.0,2002.0,18,13,1226,13.6,1,0,1,1,0,0,3,0,0.07,0.0,0.07,0.07,0.07,0.07,0.0,0.0,0.22,0.0
611,Marco Reus,de GER,MFFW,LA Galaxy,37.0,1989.0,19,16,1346,15.0,4,6,10,3,1,1,1,0,0.27,0.4,0.67,0.2,0.6,0.2,0.07,0.07,0.07,0.0
612,Justin Reynolds,us USA,DFMF,Sporting KC,22.0,2004.0,8,4,317,3.5,0,1,1,0,0,0,0,0,0.0,0.28,0.28,0.0,0.28,0.0,0.0,0.0,0.0,0.0
613,Bernardo Rhein,br BRA,DF,Orlando City,18.0,2007.0,5,2,165,1.8,0,0,0,0,0,0,0,0,0.0,0.0,0.0,0.0,0.0,0.0,0.0,0.0,0.0,0.0
614,Andrew Rick,us USA,GK,Philadelphia,20.0,2006.0,1,1,90,1.0,0,0,0,0,0,0,1,0,0.0,0.0,0.0,0.0,0.0,0.0,0.0,0.0,1.0,0.0
615,Jamar Ricketts,us USA,DFMF,SJ Earthquakes,24.0,2001.0,17,14,1147,12.7,0,2,2,0,0,0,2,0,0.0,0.16,0.16,0.0,0.16,0.0,0.0,0.0,0.16,0.0
616,Kalani Rienzi,us USA,DF,Seattle Sounders,24.0,2002.0,16,11,1112,12.4,2,0,2,2,0,0,0,0,0.16,0.0,0.16,0.16,0.16,0.16,0.0,0.0,0.0,0.0
617,Chris Rindov,us USA,DF,LA Galaxy,24.0,2001.0,1,0,2,0.0,0,0,0,0,0,0,0,0,0.0,0.0,0.0,0.0,0.0,0.0,0.0,0.0,0.0,0.0
618,Rocco Ríos Novo,ar ARG,GK,Inter Miami,24.0,2002.0,5,5,450,5.0,0,0,0,0,0,0,0,0,0.0,0.0,0.0,0.0,0.0,0.0,0.0,0.0,0.0,0.0
619,Reid Roberts,us USA,DF,SJ Earthquakes,22.0,2003.0,18,18,1620,18.0,2,0,2,2,0,0,5,0,0.11,0.0,0.11,0.11,0.11,0.11,0.0,0.0,0.28,0.0
620,Miles Robinson,us USA,DF,FC Cincinnati,29.0,1997.0,13,12,936,10.4,0,0,0,0,0,0,2,1,0.0,0.0,0.0,0.0,0.0,0.0,0.0,0.0,0.19,0.1
621,Stian Rode Gregersen,no NOR,DF,Atlanta Utd,31.0,1995.0,13,9,839,9.3,0,0,0,0,0,0,3,0,0.0,0.0,0.0,0.0,0.0,0.0,0.0,0.0,0.32,0.0
622,James Rodríguez,co COL,MFFW,Minnesota Utd,35.0,1991.0,6,2,195,2.2,0,2,2,0,0,0,0,0,0.0,0.92,0.92,0.0,0.92,0.0,0.0,0.0,0.0,0.0
623,Sam Rogers,us USA,DF,Chicago Fire,27.0,1999.0,2,2,165,1.8,0,0,0,0,0,0,0,0,0.0,0.0,0.0,0.0,0.0,0.0,0.0,0.0,0.0,0.0
624,Andy Rojas,cr CRC,FW,RB New York,20.0,2005.0,3,0,56,0.6,0,0,0,0,0,0,0,0,0.0,0.0,0.0,0.0,0.0,0.0,0.0,0.0,0.0,0.0
625,Alex Roldan,sv SLV,DF,Seattle Sounders,30.0,1996.0,13,10,841,9.3,0,0,0,0,0,0,2,0,0.0,0.0,0.0,0.0,0.0,0.0,0.0,0.0,0.21,0.0
626,Cristian Roldan,us USA,MF,Seattle Sounders,31.0,1995.0,12,10,956,10.6,3,1,4,3,0,0,1,0,0.28,0.09,0.38,0.28,0.38,0.28,0.0,0.0,0.09,0.0
627,Nicolás Romero,ar ARG,DF,Minnesota Utd,22.0,2003.0,9,8,638,7.1,0,0,0,0,0,0,2,0,0.0,0.0,0.0,0.0,0.0,0.0,0.0,0.0,0.28,0.0
628,David Romney,us USA,DF,SJ Earthquakes,33.0,1993.0,10,4,433,4.8,1,0,1,1,0,0,0,0,0.21,0.0,0.21,0.21,0.21,0.21,0.0,0.0,0.0,0.0
629,Connor Ronan,ie IRL,MF,Colorado Rapids,28.0,1998.0,6,2,199,2.2,0,0,0,0,0,0,1,0,0.0,0.0,0.0,0.0,0.0,0.0,0.0,0.0,0.45,0.0
630,Joseph Rosales,hn HON,MF,Austin FC,25.0,2000.0,19,18,1501,16.7,1,1,2,1,0,0,3,0,0.06,0.06,0.12,0.06,0.12,0.06,0.0,0.0,0.18,0.0
631,Tanner Rosborough,us USA,FW,RB New York,18.0,2008.0,5,0,65,0.7,0,0,0,0,0,0,0,0,0.0,0.0,0.0,0.0,0.0,0.0,0.0,0.0,0.0,0.0
632,Keegan Rosenberry,us USA,DF,Colorado Rapids,32.0,1993.0,12,2,424,4.7,1,0,1,1,0,0,0,0,0.21,0.0,0.21,0.21,0.21,0.21,0.0,0.0,0.0,0.0
633,Diego Rossi,uy URU,FWMF,Columbus Crew,28.0,1998.0,15,14,1259,14.0,6,1,7,5,1,1,0,0,0.43,0.07,0.5,0.36,0.43,0.36,0.07,0.07,0.0,0.0
634,Paul Rothrock,us USA,MF,Seattle Sounders,27.0,1999.0,17,14,1360,15.1,5,1,6,5,0,0,3,0,0.33,0.07,0.4,0.33,0.4,0.33,0.0,0.0,0.2,0.0
635,Kye Rowles,au AUS,DF,D.C. United,28.0,1998.0,16,16,1429,15.9,1,0,1,1,0,0,1,0,0.06,0.0,0.06,0.06,0.06,0.06,0.0,0.0,0.06,0.0
636,David Ruíz,hn HON,MF,Inter Miami,22.0,2004.0,8,3,253,2.8,0,0,0,0,0,0,2,0,0.0,0.0,0.0,0.0,0.0,0.0,0.0,0.0,0.71,0.0
637,Pablo Ruíz,ar ARG,MF,Real Salt Lake,27.0,1998.0,4,0,56,0.6,0,0,0,0,0,0,0,0,0.0,0.0,0.0,0.0,0.0,0.0,0.0,0.0,0.0,0.0
638,Albert Rusnák,sk SVK,MFFW,Seattle Sounders,32.0,1994.0,17,13,1284,14.3,3,4,7,1,2,2,0,0,0.21,0.28,0.49,0.07,0.35,0.07,0.14,0.14,0.0,0.0
639,Cesar Ruvalcaba,us USA,DF,Columbus Crew,25.0,2001.0,1,1,90,1.0,0,0,0,0,0,0,0,0,0.0,0.0,0.0,0.0,0.0,0.0,0.0,0.0,0.0,0.0
640,Jorge Ruvalcaba,mx MEX,FWMF,RB New York,25.0,2001.0,18,16,1327,14.7,7,0,7,7,0,0,5,0,0.47,0.0,0.47,0.47,0.47,0.47,0.0,0.0,0.34,0.0
641,Elias Saad,tn TUN,MF,Nashville SC,26.0,1999.0,2,1,100,1.1,0,2,2,0,0,0,1,0,0.0,1.8,1.8,0.0,1.8,0.0,0.0,0.0,0.9,0.0
642,Emmanuel Sabbi,us USA,MFFW,Vancouver,28.0,1997.0,13,8,711,7.9,2,3,5,2,0,0,2,0,0.25,0.38,0.63,0.25,0.63,0.25,0.0,0.0,0.25,0.0
643,Besard Sabovic,se SWE,MF,Austin FC,28.0,1998.0,14,5,628,7.0,0,1,1,0,0,0,4,0,0.0,0.14,0.14,0.0,0.14,0.0,0.0,0.0,0.57,0.0
644,Anisse Saidi,tn TUN,FW,San Diego FC,18.0,2008.0,2,0,21,0.2,0,1,1,0,0,0,0,0,0.0,4.29,4.29,0.0,4.29,0.0,0.0,0.0,0.0,0.0
645,Allan Saint-Maximin,fr FRA,FWMF,Charlotte,29.0,1997.0,1,0,45,0.5,0,0,0,0,0,0,0,0,0.0,0.0,0.0,0.0,0.0,0.0,0.0,0.0,0.0,0.0
646,Anton Salétros,se SWE,MF,Chicago Fire,30.0,1996.0,16,16,1405,15.6,0,0,0,0,0,0,5,0,0.0,0.0,0.0,0.0,0.0,0.0,0.0,0.0,0.32,0.0
647,Dániel Sallói,hu HUN,MFFW,Toronto FC,30.0,1996.0,19,18,1639,18.2,4,3,7,4,0,0,2,0,0.22,0.16,0.38,0.22,0.38,0.22,0.0,0.0,0.11,0.0
648,Diadie Samassékou,ml MLI,MF,Houston,30.0,1996.0,17,9,715,7.9,0,0,0,0,0,0,0,0,0.0,0.0,0.0,0.0,0.0,0.0,0.0,0.0,0.0,0.0
649,Lucas Sanabria,uy URU,MF,LA Galaxy,22.0,2003.0,20,15,1293,14.4,2,1,3,2,0,0,5,0,0.14,0.07,0.21,0.14,0.21,0.14,0.0,0.0,0.35,0.0
650,Cooper Sanchez,us USA,MF,Atlanta Utd,18.0,2008.0,17,16,1269,14.1,0,1,1,0,0,0,4,0,0.0,0.07,0.07,0.0,0.07,0.0,0.0,0.0,0.28,0.0
651,Ilie Sánchez,es ESP,MF,Austin FC,35.0,1990.0,16,14,965,10.7,1,0,1,1,0,0,4,0,0.09,0.0,0.09,0.09,0.09,0.09,0.0,0.0,0.37,0.0
652,Gallatin Sandnes,us USA,DF,Seattle Sounders,18.0,2008.0,1,0,32,0.4,0,0,0,0,0,0,0,0,0.0,0.0,0.0,0.0,0.0,0.0,0.0,0.0,0.0,0.0
653,James Sands,us USA,DF,NYCFC,26.0,2000.0,4,4,360,4.0,0,0,0,0,0,0,1,0,0.0,0.0,0.0,0.0,0.0,0.0,0.0,0.0,0.25,0.0
654,William Sands,us USA,DF,NE Revolution,26.0,2000.0,19,19,1642,18.2,1,0,1,1,0,0,2,0,0.05,0.0,0.05,0.05,0.05,0.05,0.0,0.0,0.11,0.0
655,Edvard Sandvik Tagseth,no NOR,MF,Nashville SC,25.0,2001.0,14,12,1015,11.3,1,0,1,1,0,0,1,0,0.09,0.0,0.09,0.09,0.09,0.09,0.0,0.0,0.09,0.0
656,Jeong Sangbin,kr KOR,MFFW,St. Louis City,24.0,2002.0,13,9,608,6.8,2,1,3,2,0,0,1,0,0.3,0.15,0.44,0.3,0.44,0.3,0.0,0.0,0.15,0.0
657,Sergio Santos Gomes,br BRA,FW,Atlanta Utd,31.0,1994.0,4,0,40,0.4,0,0,0,0,0,0,0,0,0.0,0.0,0.0,0.0,0.0,0.0,0.0,0.0,0.0,0.0
658,Lineker Rodrigues dos Santos,br BRA,MFFW,Real Salt Lake,24.0,2002.0,3,2,135,1.5,0,0,0,0,0,0,1,0,0.0,0.0,0.0,0.0,0.0,0.0,0.0,0.0,0.67,0.0
659,Rafael Santos,br BRA,MFDF,St. Louis City,28.0,1998.0,14,10,950,10.6,1,1,2,1,0,0,1,0,0.09,0.09,0.19,0.09,0.19,0.09,0.0,0.0,0.09,0.0
660,Harvey Sarajian,us USA,FW,Orlando City,21.0,2005.0,5,0,34,0.4,0,0,0,0,0,0,2,0,0.0,0.0,0.0,0.0,0.0,0.0,0.0,0.0,5.29,0.0
661,Kieran Sargeant,us USA,DF,San Diego FC,23.0,2003.0,11,9,653,7.3,0,1,1,0,0,0,0,0,0.0,0.14,0.14,0.0,0.14,0.0,0.0,0.0,0.0,0.0
662,Josh Sargent,us USA,FW,Toronto FC,26.0,2000.0,12,10,850,9.4,3,1,4,3,0,0,0,0,0.32,0.11,0.42,0.32,0.42,0.32,0.0,0.0,0.0,0.0
663,Samuel Sarver,us USA,MF,FC Dallas,23.0,2003.0,11,1,243,2.7,3,0,3,3,0,0,4,0,1.11,0.0,1.11,1.11,1.11,1.11,0.0,0.0,1.48,0.0
664,David Schnegg,at AUT,DF,Charlotte,27.0,1998.0,11,6,634,7.0,1,2,3,1,0,0,5,1,0.14,0.28,0.43,0.14,0.43,0.14,0.0,0.0,0.71,0.14
665,Sebastian Schonlau,de GER,DFMF,Vancouver,32.0,1994.0,1,0,26,0.3,0,0,0,0,0,0,0,0,0.0,0.0,0.0,0.0,0.0,0.0,0.0,0.0,0.0,0.0
666,Patrick Schulte,us USA,GK,Columbus Crew,25.0,2001.0,19,19,1710,19.0,0,0,0,0,0,0,1,0,0.0,0.0,0.0,0.0,0.0,0.0,0.0,0.0,0.05,0.0
667,Brian Schwake,us USA,GK,Nashville SC,24.0,2001.0,19,19,1710,19.0,0,1,1,0,0,0,1,0,0.0,0.05,0.05,0.0,0.05,0.0,0.0,0.0,0.05,0.0
668,Dante Sealy,tt TRI,MFFW,Colorado Rapids,23.0,2003.0,18,14,1006,11.2,0,2,2,0,0,0,1,0,0.0,0.18,0.18,0.0,0.18,0.0,0.0,0.0,0.09,0.0
669,Telasco Segovia,ve VEN,MF,Inter Miami,23.0,2003.0,17,16,1394,15.5,3,6,9,3,0,0,8,0,0.19,0.39,0.58,0.19,0.58,0.19,0.0,0.0,0.52,0.0
670,Eddie Segura,co COL,DFMF,LAFC,29.0,1997.0,18,17,1520,16.9,0,0,0,0,0,0,4,0,0.0,0.0,0.0,0.0,0.0,0.0,0.0,0.0,0.24,0.0
671,Amar Sejdic,us USA,MF,Columbus Crew,29.0,1996.0,7,1,186,2.1,0,0,0,0,0,0,0,0,0.0,0.0,0.0,0.0,0.0,0.0,0.0,0.0,0.0,0.0
672,Giovanny Sequera,ve VEN,DF,Philadelphia,20.0,2006.0,1,1,81,0.9,0,0,0,0,0,0,0,0,0.0,0.0,0.0,0.0,0.0,0.0,0.0,0.0,0.0,0.0
673,Brandon Servania,us USA,MF,D.C. United,27.0,1999.0,18,18,1485,16.5,0,0,0,0,0,0,2,0,0.0,0.0,0.0,0.0,0.0,0.0,0.0,0.0,0.12,0.0
674,Japhet Sery,dk DEN,DF,Philadelphia,26.0,2000.0,11,10,785,8.7,1,0,1,1,0,0,4,1,0.11,0.0,0.11,0.11,0.11,0.11,0.0,0.0,0.46,0.11
675,Jacob Shaffelburg,ca CAN,FWMF,LAFC,26.0,1999.0,10,5,449,5.0,0,2,2,0,0,0,0,0,0.0,0.4,0.4,0.0,0.4,0.0,0.0,0.0,0.0,0.0
676,Alexander Shaw,us USA,MF,Inter Miami,18.0,2008.0,2,0,24,0.3,0,0,0,0,0,0,0,0,0.0,0.0,0.0,0.0,0.0,0.0,0.0,0.0,0.0,0.0
677,Jason Shokalook,us USA,FW,Chicago Fire,23.0,2002.0,9,0,46,0.5,0,0,0,0,0,0,0,0,0.0,0.0,0.0,0.0,0.0,0.0,0.0,0.0,0.0,0.0
678,Jonathan Shore,us USA,MF,NYCFC,19.0,2007.0,14,4,429,4.8,0,0,0,0,0,0,0,0,0.0,0.0,0.0,0.0,0.0,0.0,0.0,0.0,0.0,0.0
679,Mateo Silvetti,ar ARG,MFFW,Inter Miami,20.0,2006.0,13,10,863,9.6,3,3,6,3,0,0,1,0,0.31,0.31,0.63,0.31,0.63,0.31,0.0,0.0,0.1,0.0
680,Nicholas Simmonds,jm JAM,FW,FC Dallas,19.0,2006.0,4,1,108,1.2,0,0,0,0,0,0,1,0,0.0,0.0,0.0,0.0,0.0,0.0,0.0,0.0,0.83,0.0
681,Jonathan Sirois,ca CAN,GK,FC Dallas,25.0,2001.0,5,4,432,4.8,0,0,0,0,0,0,0,0,0.0,0.0,0.0,0.0,0.0,0.0,0.0,0.0,0.0,0.0
682,Pablo Sisniega,mx MEX,GK,San Diego FC,31.0,1995.0,1,1,90,1.0,0,0,0,0,0,0,0,0,0.0,0.0,0.0,0.0,0.0,0.0,0.0,0.0,0.0,0.0
683,Jack Skahan,us USA,MFFW,SJ Earthquakes,28.0,1998.0,17,7,627,7.0,2,2,4,2,0,0,1,0,0.29,0.29,0.57,0.29,0.57,0.29,0.0,0.0,0.14,0.0
684,Tyger Smalls,,FW,Charlotte,23.0,2002.0,9,0,94,1.0,0,0,0,0,0,0,0,0,0.0,0.0,0.0,0.0,0.0,0.0,0.0,0.0,0.0,0.0
685,Ian Smith,us USA,DF,Portland Timbers,24.0,2002.0,13,1,325,3.6,0,0,0,0,0,0,3,0,0.0,0.0,0.0,0.0,0.0,0.0,0.0,0.0,0.83,0.0
686,Kyle Smith,us USA,DFMF,FC Cincinnati,34.0,1992.0,15,8,793,8.8,1,0,1,1,0,0,2,1,0.11,0.0,0.11,0.11,0.11,0.11,0.0,0.0,0.23,0.11
687,Artem Smoliakov,ua UKR,MFDF,LAFC,23.0,2003.0,5,2,175,1.9,0,0,0,0,0,0,1,0,0.0,0.0,0.0,0.0,0.0,0.0,0.0,0.0,0.51,0.0
688,Mohammed Sofo,gh GHA,MFFW,RB New York,21.0,2004.0,12,2,354,3.9,1,0,1,1,0,0,1,0,0.25,0.0,0.25,0.25,0.25,0.25,0.0,0.0,0.25,0.0
689,Sergi Solans,es ESP,FW,Real Salt Lake,23.0,2003.0,18,14,1197,13.3,8,3,11,8,0,0,1,0,0.6,0.23,0.83,0.6,0.83,0.6,0.0,0.0,0.08,0.0
690,Pedro Soma,us USA,MF,San Diego FC,20.0,2006.0,9,4,400,4.4,1,2,3,1,0,0,2,0,0.23,0.45,0.68,0.23,0.68,0.22,0.0,0.0,0.45,0.0
691,Tyrese Spicer,tt TRI,MFFW,Orlando City,25.0,2000.0,15,5,636,7.1,5,1,6,5,0,0,1,0,0.71,0.14,0.85,0.71,0.85,0.71,0.0,0.0,0.14,0.0
692,Stijn Spierings,nl NED,MF,Real Salt Lake,30.0,1996.0,15,12,1041,11.6,1,1,2,1,0,0,2,0,0.09,0.09,0.17,0.09,0.17,0.09,0.0,0.0,0.17,0.0
693,Dayne St. Clair,ca CAN,GK,Inter Miami,29.0,1997.0,14,14,1260,14.0,0,0,0,0,0,0,3,0,0.0,0.0,0.0,0.0,0.0,0.0,0.0,0.0,0.21,0.0
694,Lazar Stefanovic,ca CAN,DF,Toronto FC,20.0,2006.0,6,1,198,2.2,0,0,0,0,0,0,1,0,0.0,0.0,0.0,0.0,0.0,0.0,0.0,0.0,0.45,0.0
695,Zack Steffen,us USA,GK,Colorado Rapids,31.0,1995.0,9,9,810,9.0,0,0,0,0,0,0,0,0,0.0,0.0,0.0,0.0,0.0,0.0,0.0,0.0,0.0,0.0
696,Kimani Stewart-Baynes,ca CAN,FW,Colorado Rapids,21.0,2005.0,1,0,10,0.1,0,0,0,0,0,0,0,0,0.0,0.0,0.0,0.0,0.0,0.0,0.0,0.0,0.0,0.0
697,Noah Streit,ch SUI,FW,CF Montréal,20.0,2005.0,15,7,700,7.8,0,0,0,0,0,0,0,0,0.0,0.0,0.0,0.0,0.0,0.0,0.0,0.0,0.0,0.0
698,Jared Stroud,us USA,MF,D.C. United,30.0,1996.0,13,4,427,4.7,1,0,1,1,0,0,3,0,0.21,0.0,0.21,0.21,0.21,0.21,0.0,0.0,0.63,0.0
699,Peter Stroud,us USA,MF,Minnesota Utd,24.0,2002.0,1,0,23,0.3,0,0,0,0,0,0,0,0,0.0,0.0,0.0,0.0,0.0,0.0,0.0,0.0,0.0,0.0
700,Brad Stuver,us USA,GK,Austin FC,35.0,1991.0,19,19,1710,19.0,0,0,0,0,0,0,1,0,0.0,0.0,0.0,0.0,0.0,0.0,0.0,0.0,0.05,0.0
701,Ignacio Suarez,us USA,MF,Atlanta Utd,17.0,2009.0,1,0,2,0.0,0,0,0,0,0,0,0,0,0.0,0.0,0.0,0.0,0.0,0.0,0.0,0.0,0.0,0.0
702,Luis Suárez,uy URU,FW,Inter Miami,39.0,1987.0,15,11,974,10.8,10,2,12,8,2,2,1,0,0.92,0.18,1.11,0.74,0.92,0.74,0.18,0.18,0.09,0.0
703,Magomed-Shapi Suleymanov,ru RUS,MFFW,Sporting KC,26.0,1999.0,16,10,821,9.1,1,1,2,1,0,0,2,0,0.11,0.11,0.22,0.11,0.22,0.11,0.0,0.0,0.22,0.0
704,Cavan Sullivan,us USA,MF,Philadelphia,16.0,2009.0,17,10,891,9.9,1,3,4,1,0,0,1,0,0.1,0.3,0.4,0.1,0.4,0.1,0.0,0.0,0.1,0.0
705,Quinn Sullivan,us USA,FWMF,Philadelphia,22.0,2004.0,4,0,100,1.1,0,1,1,0,0,0,0,0,0.0,0.9,0.9,0.0,0.9,0.0,0.0,0.0,0.0,0.0
706,Finn Sundstrom,us USA,DF,Philadelphia,19.0,2006.0,2,1,53,0.6,0,0,0,0,0,0,0,0,0.0,0.0,0.0,0.0,0.0,0.0,0.0,0.0,0.0,0.0
707,Finn Surman,nz NZL,DF,Portland Timbers,22.0,2003.0,19,19,1665,18.5,1,1,2,1,0,0,1,0,0.05,0.05,0.11,0.05,0.11,0.05,0.0,0.0,0.05,0.0
708,Sam Surridge,eng ENG,FW,Nashville SC,28.0,1998.0,13,9,908,10.1,12,0,12,9,3,3,2,0,1.19,0.0,1.19,0.89,0.89,0.89,0.3,0.3,0.2,0.0
709,Oleksandr Svatok,ua UKR,DF,Austin FC,31.0,1994.0,17,17,1487,16.5,0,0,0,0,0,0,2,0,0.0,0.0,0.0,0.0,0.0,0.0,0.0,0.0,0.12,0.0
710,Erik Sviatchenko,dk DEN,DF,Houston,34.0,1991.0,10,7,619,6.9,1,0,1,1,0,0,4,1,0.15,0.0,0.15,0.15,0.15,0.15,0.0,0.0,0.58,0.15
711,Caleb Swann,us USA,MF,FC Dallas,19.0,2007.0,2,0,8,0.1,0,0,0,0,0,0,0,0,0.0,0.0,0.0,0.0,0.0,0.0,0.0,0.0,0.0,0.0
712,Hennadii Synchuk,ua UKR,FWMF,CF Montréal,20.0,2006.0,13,9,806,9.0,1,0,1,1,0,0,2,0,0.11,0.0,0.11,0.11,0.11,0.11,0.0,0.0,0.22,0.0
713,Osvald Søe,dk DEN,DF,San Diego FC,20.0,2005.0,6,5,417,4.6,0,0,0,0,0,0,1,0,0.0,0.0,0.0,0.0,0.0,0.0,0.0,0.0,0.22,0.0
714,Nkosi Tafari,us USA,DF,LAFC,29.0,1997.0,17,15,1403,15.6,0,1,1,0,0,0,2,0,0.0,0.06,0.06,0.0,0.06,0.0,0.0,0.0,0.13,0.0
715,Zakaria Taifi,us USA,DFMF,Orlando City,20.0,2005.0,12,3,364,4.0,0,2,2,0,0,0,0,0,0.0,0.49,0.49,0.0,0.49,0.0,0.0,0.0,0.0,0.0
716,Yohei Takaoka,jp JPN,GK,Vancouver,30.0,1996.0,17,17,1503,16.7,0,1,1,0,0,0,0,1,0.0,0.06,0.06,0.0,0.06,0.0,0.0,0.0,0.0,0.06
717,Strahinja Tanasijević,rs SRB,DF,NYCFC,29.0,1997.0,3,1,83,0.9,0,0,0,0,0,0,0,0,0.0,0.0,0.0,0.0,0.0,0.0,0.0,0.0,0.0,0.0
718,D.J. Taylor,us USA,DF,Minnesota Utd,28.0,1997.0,4,1,116,1.3,0,0,0,0,0,0,1,0,0.0,0.0,0.0,0.0,0.0,0.0,0.0,0.0,0.78,0.0
719,Robert Taylor,fi FIN,FWMF,Austin FC,31.0,1994.0,2,0,55,0.6,0,1,1,0,0,0,0,0,0.0,1.64,1.64,0.0,1.64,0.0,0.0,0.0,0.0,0.0
720,Robert Taylor,fi FIN,MFFW,LA Galaxy,31.0,1994.0,5,3,247,2.7,0,0,0,0,0,0,0,0,0.0,0.0,0.0,0.0,0.0,0.0,0.0,0.0,0.0,0.0
721,Jude Terry,us USA,MF,LAFC,17.0,2008.0,8,2,212,2.4,1,0,1,1,0,0,0,0,0.42,0.0,0.42,0.42,0.42,0.42,0.0,0.0,0.0,0.0
722,Cedric Teuchert,de GER,FWMF,St. Louis City,29.0,1997.0,10,4,300,3.3,0,1,1,0,0,0,0,0,0.0,0.3,0.3,0.0,0.3,0.0,0.0,0.0,0.0,0.0
723,Jamal Thiaré,sn SEN,FW,Columbus Crew,33.0,1993.0,12,3,378,4.2,1,0,1,1,0,0,2,0,0.24,0.0,0.24,0.24,0.24,0.24,0.0,0.0,0.48,0.0
724,Andrew Thomas,ru RUS,GK,Seattle Sounders,27.0,1998.0,18,18,1620,18.0,0,0,0,0,0,0,0,0,0.0,0.0,0.0,0.0,0.0,0.0,0.0,0.0,0.0,0.0
725,Erik Thommy,de GER,MFFW,LA Galaxy,31.0,1994.0,10,6,446,5.0,1,0,1,1,0,0,1,0,0.2,0.0,0.2,0.2,0.2,0.2,0.0,0.0,0.2,0.0
726,Kosi Thompson,ca CAN,DF,Toronto FC,23.0,2003.0,2,2,135,1.5,0,0,0,0,0,0,0,0,0.0,0.0,0.0,0.0,0.0,0.0,0.0,0.0,0.0,0.0
727,Kosi Thompson,ca CAN,DFMF,Colorado Rapids,23.0,2003.0,10,8,691,7.7,2,0,2,2,0,0,3,0,0.26,0.0,0.26,0.26,0.26,0.26,0.0,0.0,0.39,0.0
728,Tiago,br BRA,MFFW,Orlando City,21.0,2005.0,16,11,739,8.2,1,1,2,1,0,0,4,0,0.12,0.12,0.24,0.12,0.24,0.12,0.0,0.0,0.49,0.0
729,Cheikh Tidiane Sabaly,sn SEN,MF,Vancouver,27.0,1999.0,14,9,634,7.0,2,1,3,2,0,0,1,0,0.28,0.14,0.43,0.28,0.43,0.28,0.0,0.0,0.14,0.0
730,Sékou Tidiany Bangoura,gn GUI,MF,Columbus Crew,24.0,2002.0,16,6,607,6.7,1,0,1,1,0,0,3,0,0.15,0.0,0.15,0.15,0.15,0.15,0.0,0.0,0.44,0.0
731,Timothy Tillman,us USA,MF,LAFC,27.0,1999.0,17,13,1099,12.2,1,2,3,1,0,0,3,0,0.08,0.16,0.25,0.08,0.25,0.08,0.0,0.0,0.25,0.0
732,Harry Toffolo,eng ENG,DF,Charlotte,30.0,1995.0,13,13,1013,11.3,0,2,2,0,0,0,2,0,0.0,0.18,0.18,0.0,0.18,0.0,0.0,0.0,0.18,0.0
733,Cayman Togashi,jp JPN,FW,Atlanta Utd,33.0,1993.0,7,1,105,1.2,0,0,0,0,0,0,0,0,0.0,0.0,0.0,0.0,0.0,0.0,0.0,0.0,0.0,0.0
734,Nouhou Tolo,cm CMR,DF,Seattle Sounders,29.0,1997.0,18,18,1591,17.7,0,1,1,0,0,0,2,0,0.0,0.06,0.06,0.0,0.06,0.0,0.0,0.0,0.11,0.0
735,Ervin Torres,us USA,FW,Austin FC,18.0,2007.0,6,1,171,1.9,1,2,3,1,0,0,1,0,0.53,1.05,1.58,0.53,1.58,0.53,0.0,0.0,0.53,0.0
736,Facundo Torres,uy URU,MFFW,Austin FC,26.0,2000.0,19,18,1515,16.8,1,5,6,1,0,0,3,0,0.06,0.3,0.36,0.06,0.36,0.06,0.0,0.0,0.18,0.0
737,Tomas Totland,no NOR,MF,St. Louis City,26.0,1999.0,15,10,963,10.7,1,3,4,1,0,0,2,0,0.09,0.28,0.37,0.09,0.37,0.09,0.0,0.0,0.19,0.0
738,Bénie Traoré,ci CIV,FW,NYCFC,23.0,2002.0,4,3,200,2.2,1,0,1,0,1,1,0,0,0.45,0.0,0.45,0.0,0.0,0.0,0.45,0.45,0.0,0.0
739,Wil Trapp,us USA,MF,Minnesota Utd,33.0,1993.0,18,12,1135,12.6,0,1,1,0,0,0,2,0,0.0,0.08,0.08,0.0,0.08,0.0,0.0,0.0,0.16,0.0
740,Jackson Travis,us USA,DF,Colorado Rapids,22.0,2004.0,13,11,799,8.9,0,1,1,0,0,0,2,1,0.0,0.11,0.11,0.0,0.11,0.0,0.0,0.0,0.23,0.11
741,Kai Trewin,au AUS,MFDF,NYCFC,25.0,2001.0,15,14,1254,13.9,0,0,0,0,0,0,3,0,0.0,0.0,0.0,0.0,0.0,0.0,0.0,0.0,0.22,0.0
742,Nectarios Triantis,gr GRE,MF,Minnesota Utd,23.0,2003.0,15,14,1159,12.9,1,1,2,1,0,0,2,0,0.08,0.08,0.16,0.08,0.16,0.08,0.0,0.0,0.16,0.0
743,Niko Tsakiris,us USA,MF,SJ Earthquakes,21.0,2005.0,12,11,952,10.6,2,4,6,1,1,1,2,0,0.19,0.38,0.57,0.09,0.47,0.09,0.09,0.09,0.19,0.0
744,Cielo Tschantret,us USA,MF,Sporting KC,20.0,2006.0,1,1,50,0.6,0,0,0,0,0,0,0,0,0.0,0.0,0.0,0.0,0.0,0.0,0.0,0.0,0.0,0.0
745,Yutaro Tsukada,jp JPN,FW,Orlando City,25.0,2001.0,2,0,24,0.3,0,0,0,0,0,0,0,0,0.0,0.0,0.0,0.0,0.0,0.0,0.0,0.0,0.0,0.0
746,Dor Turgeman,il ISR,FW,NE Revolution,22.0,2003.0,19,19,1544,17.2,4,4,8,4,0,0,1,0,0.23,0.23,0.47,0.23,0.47,0.23,0.0,0.0,0.06,0.0
747,Gavin Turner,us USA,MF,D.C. United,19.0,2007.0,3,0,46,0.5,0,0,0,0,0,0,0,0,0.0,0.0,0.0,0.0,0.0,0.0,0.0,0.0,0.0,0.0
748,Matt Turner,us USA,GK,NE Revolution,32.0,1994.0,19,19,1710,19.0,0,0,0,0,0,0,1,0,0.0,0.0,0.0,0.0,0.0,0.0,0.0,0.0,0.05,0.0
749,Jeppe Tverskov,dk DEN,MF,San Diego FC,33.0,1993.0,14,12,1133,12.6,0,1,1,0,0,0,1,0,0.0,0.08,0.08,0.0,0.08,0.0,0.0,0.0,0.08,0.0
750,Osaze Urhoghide,nl NED,DF,FC Dallas,26.0,2000.0,16,16,1439,16.0,1,1,2,1,0,0,5,0,0.06,0.06,0.13,0.06,0.13,0.06,0.0,0.0,0.31,0.0
751,Myrto Uzuni,al ALB,FW,Austin FC,31.0,1995.0,17,17,1489,16.5,6,0,6,5,1,1,5,0,0.36,0.0,0.36,0.3,0.3,0.3,0.06,0.06,0.3,0.0
752,Onni Valakari,fi FIN,MF,San Diego FC,27.0,1999.0,19,18,1532,17.0,3,3,6,2,1,1,1,0,0.18,0.18,0.35,0.12,0.29,0.12,0.06,0.06,0.06,0.0
753,Omar Valencia,pa PAN,DF,RB New York,22.0,2004.0,11,1,336,3.7,0,0,0,0,0,0,5,0,0.0,0.0,0.0,0.0,0.0,0.0,0.0,0.0,1.34,0.0
754,Gerardo Valenzuela,us USA,MF,FC Cincinnati,21.0,2004.0,15,11,952,10.6,1,2,3,1,0,0,2,2,0.09,0.19,0.28,0.09,0.28,0.09,0.0,0.0,0.19,0.19
755,Joaquín Valiente,uy URU,MFFW,FC Dallas,25.0,2001.0,17,12,1075,11.9,0,4,4,0,0,0,1,0,0.0,0.33,0.33,0.0,0.33,0.0,0.0,0.0,0.08,0.0
756,Kerwin Vargas,co COL,MF,Charlotte,24.0,2002.0,17,12,993,11.0,3,4,7,3,0,0,0,0,0.27,0.36,0.63,0.27,0.63,0.27,0.0,0.0,0.0,0.0
757,Indiana Vassilev,us USA,MF,Philadelphia,25.0,2001.0,18,16,1211,13.5,2,0,2,1,1,1,1,0,0.15,0.0,0.15,0.07,0.07,0.07,0.07,0.07,0.07,0.0
758,Brandon Vazquez,us USA,FW,Austin FC,27.0,1998.0,8,3,337,3.7,0,0,0,0,0,0,0,0,0.0,0.0,0.0,0.0,0.0,0.0,0.0,0.0,0.0,0.0
759,David Vazquez,us USA,MFFW,San Diego FC,20.0,2006.0,16,10,817,9.1,3,0,3,3,0,0,3,0,0.33,0.0,0.33,0.33,0.33,0.33,0.0,0.0,0.33,0.0
760,Kristoffer Velde,no NOR,MFFW,Portland Timbers,26.0,1999.0,18,17,1530,17.0,4,4,8,4,0,1,3,0,0.24,0.24,0.47,0.24,0.47,0.24,0.0,0.06,0.18,0.0
761,Brayan Vera,co COL,DF,CF Montréal,27.0,1999.0,17,17,1457,16.2,1,0,1,1,0,0,4,1,0.06,0.0,0.06,0.06,0.06,0.06,0.0,0.0,0.25,0.06
762,Oscar Verhoeven,us USA,DF,San Diego FC,20.0,2006.0,17,12,1180,13.1,0,0,0,0,0,0,3,0,0.0,0.0,0.0,0.0,0.0,0.0,0.0,0.0,0.23,0.0
763,Ranko Veselinović,rs SRB,DF,Vancouver,27.0,1999.0,4,1,38,0.4,0,0,0,0,0,0,0,0,0.0,0.0,0.0,0.0,0.0,0.0,0.0,0.0,0.0,0.0
764,Ronaldo Vieira,gw GNB,MF,SJ Earthquakes,28.0,1998.0,16,15,1274,14.2,0,0,0,0,0,0,4,0,0.0,0.0,0.0,0.0,0.0,0.0,0.0,0.0,0.28,0.0
765,Jules-Anthony Vilsaint,ca CAN,MF,Toronto FC,23.0,2003.0,4,1,118,1.3,0,0,0,0,0,0,0,0,0.0,0.0,0.0,0.0,0.0,0.0,0.0,0.0,0.0,0.0
766,Sam Vines,us USA,DF,Houston,27.0,1999.0,3,1,83,0.9,0,0,0,0,0,0,0,0,0.0,0.0,0.0,0.0,0.0,0.0,0.0,0.0,0.0,0.0
767,Robert Voloder,ba BIH,DF,RB New York,25.0,2001.0,8,8,709,7.9,0,0,0,0,0,0,2,0,0.0,0.0,0.0,0.0,0.0,0.0,0.0,0.0,0.25,0.0
768,Kai Wagner,de GER,DF,Philadelphia,29.0,1997.0,4,4,360,4.0,0,3,3,0,0,0,1,0,0.0,0.75,0.75,0.0,0.75,0.0,0.0,0.0,0.25,0.0
769,Conrad Wallem,no NOR,MF,St. Louis City,26.0,2000.0,16,16,1363,15.1,0,1,1,0,0,0,4,1,0.0,0.07,0.07,0.0,0.07,0.0,0.0,0.0,0.26,0.07
770,Joel Waterman,ca CAN,DFMF,Chicago Fire,30.0,1996.0,13,9,917,10.2,1,0,1,1,0,0,4,0,0.1,0.0,0.1,0.1,0.1,0.1,0.0,0.0,0.39,0.0
771,Timo Werner,de GER,MFFW,SJ Earthquakes,30.0,1996.0,11,8,799,8.9,5,4,9,3,2,3,2,0,0.56,0.45,1.01,0.34,0.79,0.34,0.23,0.34,0.23,0.0
772,Francis Westfield,us USA,DF,Philadelphia,20.0,2005.0,15,15,1250,13.9,0,4,4,0,0,0,1,0,0.0,0.29,0.29,0.0,0.29,0.0,0.0,0.0,0.07,0.0
773,Ashley Westwood,eng ENG,MF,Charlotte,36.0,1990.0,18,17,1563,17.4,2,1,3,2,0,0,7,0,0.12,0.06,0.17,0.12,0.17,0.12,0.0,0.0,0.4,0.0
774,Brian White,us USA,FW,Vancouver,30.0,1996.0,17,17,1445,16.1,10,2,12,9,1,1,2,0,0.62,0.12,0.75,0.56,0.69,0.56,0.06,0.06,0.12,0.0
775,Loïc Williams,es ESP,DF,Colorado Rapids,24.0,2002.0,4,4,360,4.0,1,0,1,1,0,0,1,0,0.25,0.0,0.25,0.25,0.25,0.25,0.0,0.0,0.25,0.0
776,Henry Wingo,us USA,DFMF,Toronto FC,30.0,1995.0,1,0,13,0.1,0,0,0,0,0,0,0,0,0.0,0.0,0.0,0.0,0.0,0.0,0.0,0.0,0.0,0.0
777,Maxwell Woledzi,gh GHA,DF,Nashville SC,25.0,2001.0,19,18,1632,18.1,1,0,1,1,0,0,0,0,0.06,0.0,0.06,0.06,0.06,0.06,0.0,0.0,0.0,0.0
778,Hannes Wolf,at AUT,MFFW,NYCFC,27.0,1999.0,17,12,1088,12.1,5,2,7,5,0,0,2,0,0.41,0.17,0.58,0.41,0.58,0.41,0.0,0.0,0.17,0.0
779,Owen Wolff,us USA,MF,Austin FC,21.0,2004.0,8,4,378,4.2,0,0,0,0,0,0,0,0,0.0,0.0,0.0,0.0,0.0,0.0,0.0,0.0,0.0,0.0
780,Elijah Wynder,us USA,MF,LA Galaxy,23.0,2003.0,19,12,1055,11.7,0,0,0,0,0,0,2,0,0.0,0.0,0.0,0.0,0.0,0.0,0.0,0.0,0.17,0.0
781,Miki Yamane,jp JPN,DF,LA Galaxy,32.0,1993.0,16,12,968,10.8,0,1,1,0,0,0,1,0,0.0,0.09,0.09,0.0,0.09,0.0,0.0,0.0,0.09,0.0
782,Darren Yapi,us USA,FWMF,Colorado Rapids,21.0,2004.0,19,10,909,10.1,3,2,5,3,0,0,3,0,0.3,0.2,0.5,0.3,0.5,0.3,0.0,0.0,0.3,0.0
783,Patrick Yazbek,au AUS,MF,Nashville SC,24.0,2002.0,10,7,657,7.3,1,3,4,1,0,0,0,0,0.14,0.41,0.55,0.14,0.55,0.14,0.0,0.0,0.0,0.0
784,Kelvin Yeboah,it ITA,FW,Minnesota Utd,26.0,2000.0,18,16,1369,15.2,8,0,8,7,1,2,2,0,0.53,0.0,0.53,0.46,0.46,0.46,0.07,0.13,0.13,0.0
785,DeAndre Yedlin,us USA,DF,Real Salt Lake,33.0,1993.0,12,11,906,10.1,0,1,1,0,0,0,5,0,0.0,0.1,0.1,0.0,0.1,0.0,0.0,0.0,0.5,0.0
786,Maya Yoshida,jp JPN,DF,LA Galaxy,37.0,1988.0,15,9,792,8.8,1,0,1,1,0,0,0,0,0.11,0.0,0.11,0.11,0.11,0.11,0.0,0.0,0.0,0.0
787,Griffin Yow,us USA,MFFW,NE Revolution,23.0,2002.0,18,9,811,9.0,1,0,1,1,0,0,3,0,0.11,0.0,0.11,0.11,0.11,0.11,0.0,0.0,0.33,0.0
788,Jackson Yueill,us USA,MF,NE Revolution,29.0,1997.0,10,1,176,2.0,0,0,0,0,0,0,0,0,0.0,0.0,0.0,0.0,0.0,0.0,0.0,0.0,0.0,0.0
789,Alhassan Yusuf,ng NGA,MF,NE Revolution,26.0,2000.0,19,16,1470,16.3,2,2,4,2,0,0,2,0,0.12,0.12,0.24,0.12,0.24,0.12,0.0,0.0,0.12,0.0
790,Wilfried Zaha,ci CIV,MFFW,Charlotte,33.0,1992.0,13,13,1161,12.9,3,1,4,3,0,0,7,0,0.23,0.08,0.31,0.23,0.31,0.23,0.0,0.0,0.54,0.0
791,Bryan Zamblé,ci CIV,FW,San Diego FC,18.0,2008.0,8,1,138,1.5,2,0,2,2,0,0,0,0,1.3,0.0,1.3,1.3,1.3,1.3,0.0,0.0,0.0,0.0
792,Marcos Zambrano,us USA,FW,NE Revolution,21.0,2005.0,7,3,241,2.7,0,1,1,0,0,0,0,0,0.0,0.37,0.37,0.0,0.37,0.0,0.0,0.0,0.0,0.0
793,Sean Zawadzki,us USA,DFMF,Columbus Crew,26.0,2000.0,19,19,1710,19.0,0,0,0,0,0,0,3,0,0.0,0.0,0.0,0.0,0.0,0.0,0.0,0.0,0.16,0.0
794,Walker Zimmerman,us USA,DF,Toronto FC,33.0,1993.0,16,15,1272,14.1,1,0,1,1,0,0,4,0,0.07,0.0,0.07,0.07,0.07,0.07,0.0,0.0,0.28,0.0
795,Philip Zinckernagel,dk DEN,MF,Chicago Fire,31.0,1994.0,18,18,1438,16.0,5,7,12,4,1,2,4,0,0.31,0.44,0.75,0.25,0.69,0.25,0.06,0.13,0.25,0.0
796,Mateja Đorđević,rs SRB,DF,Austin FC,23.0,2003.0,6,2,272,3.0,0,0,0,0,0,0,1,0,0.0,0.0,0.0,0.0,0.0,0.0,0.0,0.0,0.33,0.0
